{
  "type": "FeatureCollection",
  "features": [
    {
      "type": "Feature",
      "properties": {},
      "geometry": {
        "type": "MultiPolygon",
        "coordinates": [
          [
            [
              [
                -118.884616,
                34.813227
              ],
              [
                -118.884744,
                34.812034
              ],
              [
                -118.884487,
                34.810735
              ],
              [
                -118.883733,
                34.809295
              ],
              [
                -118.882313,
                34.807506
              ],
              [
                -118.877156,
                34.803226
              ],
              [
                -118.854271,
                34.803014
              ],
              [
                -118.854115,
                34.803279
              ],
              [
                -118.854005,
                34.81775
              ],
              [
                -118.820832,
                34.81746
              ],
              [
                -118.712507,
                34.818057
              ],
              [
                -118.536926,
                34.818345
              ],
              [
                -118.484549,
                34.818203
              ],
              [
                -118.388067,
                34.819183
              ],
              [
                -118.343745,
                34.819401
              ],
              [
                -118.308681,
                34.820057
              ],
              [
                -118.202866,
                34.820113
              ],
              [
                -117.987679,
                34.822625
              ],
              [
                -117.880346,
                34.822516
              ],
              [
                -117.774208,
                34.823299
              ],
              [
                -117.744981,
                34.823261
              ],
              [
                -117.676237,
                34.822596
              ],
              [
                -117.667456,
                34.822046
              ],
              [
                -117.667237,
                34.771273
              ],
              [
                -117.667359,
                34.734283
              ],
              [
                -117.667743,
                34.706588
              ],
              [
                -117.666951,
                34.636783
              ],
              [
                -117.667121,
                34.557904
              ],
              [
                -117.6604,
                34.557892
              ],
              [
                -117.659782,
                34.452262
              ],
              [
                -117.652968,
                34.369619
              ],
              [
                -117.657354,
                34.366787
              ],
              [
                -117.657386,
                34.358868
              ],
              [
                -117.653553,
                34.355517
              ],
              [
                -117.652104,
                34.359071
              ],
              [
                -117.648711,
                34.31422
              ],
              [
                -117.646372,
                34.289172
              ],
              [
                -117.658938,
                34.239484
              ],
              [
                -117.659107,
                34.239476
              ],
              [
                -117.659038,
                34.239089
              ],
              [
                -117.659471,
                34.238029
              ],
              [
                -117.65933,
                34.237923
              ],
              [
                -117.677694,
                34.165222
              ],
              [
                -117.697895,
                34.165252
              ],
              [
                -117.698332,
                34.157898
              ],
              [
                -117.684764,
                34.157935
              ],
              [
                -117.682838,
                34.160116
              ],
              [
                -117.682853,
                34.161051
              ],
              [
                -117.68265,
                34.161052
              ],
              [
                -117.682684,
                34.159846
              ],
              [
                -117.683894,
                34.158119
              ],
              [
                -117.684109,
                34.156552
              ],
              [
                -117.684599,
                34.155554
              ],
              [
                -117.686491,
                34.15373
              ],
              [
                -117.686748,
                34.153735
              ],
              [
                -117.686505,
                34.154272
              ],
              [
                -117.702906,
                34.15427
              ],
              [
                -117.70273,
                34.157944
              ],
              [
                -117.715703,
                34.158104
              ],
              [
                -117.715852,
                34.165382
              ],
              [
                -117.724546,
                34.165397
              ],
              [
                -117.724513,
                34.158122
              ],
              [
                -117.728871,
                34.15814
              ],
              [
                -117.728776,
                34.150875
              ],
              [
                -117.733227,
                34.150907
              ],
              [
                -117.733199,
                34.147284
              ],
              [
                -117.741698,
                34.147249
              ],
              [
                -117.74203,
                34.126165
              ],
              [
                -117.741926,
                34.125252
              ],
              [
                -117.741299,
                34.12472
              ],
              [
                -117.740919,
                34.123451
              ],
              [
                -117.740283,
                34.123456
              ],
              [
                -117.73986,
                34.122838
              ],
              [
                -117.739863,
                34.12164
              ],
              [
                -117.750734,
                34.121643
              ],
              [
                -117.751858,
                34.120697
              ],
              [
                -117.754842,
                34.120685
              ],
              [
                -117.754839,
                34.119915
              ],
              [
                -117.759415,
                34.120004
              ],
              [
                -117.759407,
                34.12166
              ],
              [
                -117.75725,
                34.12153
              ],
              [
                -117.757169,
                34.125317
              ],
              [
                -117.759335,
                34.125312
              ],
              [
                -117.759269,
                34.128981
              ],
              [
                -117.750534,
                34.129062
              ],
              [
                -117.750455,
                34.132272
              ],
              [
                -117.748865,
                34.132193
              ],
              [
                -117.748854,
                34.133142
              ],
              [
                -117.748218,
                34.134547
              ],
              [
                -117.748179,
                34.136339
              ],
              [
                -117.747769,
                34.136881
              ],
              [
                -117.747696,
                34.139767
              ],
              [
                -117.749212,
                34.141102
              ],
              [
                -117.750204,
                34.14112
              ],
              [
                -117.750139,
                34.143181
              ],
              [
                -117.750645,
                34.142739
              ],
              [
                -117.751321,
                34.142557
              ],
              [
                -117.75168,
                34.143154
              ],
              [
                -117.752369,
                34.143608
              ],
              [
                -117.754188,
                34.143668
              ],
              [
                -117.753784,
                34.145497
              ],
              [
                -117.755672,
                34.145644
              ],
              [
                -117.755531,
                34.146129
              ],
              [
                -117.753215,
                34.149046
              ],
              [
                -117.750062,
                34.15109
              ],
              [
                -117.739587,
                34.150918
              ],
              [
                -117.73957,
                34.158156
              ],
              [
                -117.754706,
                34.158133
              ],
              [
                -117.754729,
                34.165368
              ],
              [
                -117.75908,
                34.165316
              ],
              [
                -117.759093,
                34.159011
              ],
              [
                -117.769645,
                34.159035
              ],
              [
                -117.771593,
                34.158758
              ],
              [
                -117.772626,
                34.157936
              ],
              [
                -117.772668,
                34.156813
              ],
              [
                -117.77305,
                34.156154
              ],
              [
                -117.773037,
                34.155554
              ],
              [
                -117.771793,
                34.153892
              ],
              [
                -117.772377,
                34.152124
              ],
              [
                -117.772719,
                34.15166
              ],
              [
                -117.774538,
                34.15056
              ],
              [
                -117.774386,
                34.149316
              ],
              [
                -117.775752,
                34.148119
              ],
              [
                -117.776307,
                34.145132
              ],
              [
                -117.775954,
                34.144626
              ],
              [
                -117.774487,
                34.144138
              ],
              [
                -117.773531,
                34.144561
              ],
              [
                -117.773517,
                34.143789
              ],
              [
                -117.772738,
                34.143438
              ],
              [
                -117.773933,
                34.143091
              ],
              [
                -117.773825,
                34.142818
              ],
              [
                -117.773253,
                34.14256
              ],
              [
                -117.773331,
                34.142231
              ],
              [
                -117.772499,
                34.142483
              ],
              [
                -117.772255,
                34.142913
              ],
              [
                -117.77227,
                34.142338
              ],
              [
                -117.773103,
                34.141628
              ],
              [
                -117.773519,
                34.141547
              ],
              [
                -117.773236,
                34.141311
              ],
              [
                -117.773768,
                34.140957
              ],
              [
                -117.774185,
                34.139689
              ],
              [
                -117.776594,
                34.13971
              ],
              [
                -117.779552,
                34.13623
              ],
              [
                -117.780839,
                34.134356
              ],
              [
                -117.783084,
                34.133235
              ],
              [
                -117.784189,
                34.131876
              ],
              [
                -117.783822,
                34.131701
              ],
              [
                -117.783988,
                34.129701
              ],
              [
                -117.785501,
                34.128918
              ],
              [
                -117.787695,
                34.128915
              ],
              [
                -117.787703,
                34.128367
              ],
              [
                -117.791271,
                34.127002
              ],
              [
                -117.792109,
                34.126264
              ],
              [
                -117.793776,
                34.125641
              ],
              [
                -117.794236,
                34.125143
              ],
              [
                -117.794246,
                34.123873
              ],
              [
                -117.792936,
                34.123869
              ],
              [
                -117.792963,
                34.122258
              ],
              [
                -117.791198,
                34.122041
              ],
              [
                -117.789654,
                34.121525
              ],
              [
                -117.791266,
                34.120773
              ],
              [
                -117.791616,
                34.120203
              ],
              [
                -117.791628,
                34.119445
              ],
              [
                -117.791864,
                34.119443
              ],
              [
                -117.791847,
                34.117543
              ],
              [
                -117.78967,
                34.117545
              ],
              [
                -117.789668,
                34.113914
              ],
              [
                -117.788532,
                34.113919
              ],
              [
                -117.785715,
                34.113173
              ],
              [
                -117.785529,
                34.113661
              ],
              [
                -117.784088,
                34.11327
              ],
              [
                -117.784987,
                34.110968
              ],
              [
                -117.786316,
                34.111321
              ],
              [
                -117.786605,
                34.110561
              ],
              [
                -117.785381,
                34.110238
              ],
              [
                -117.785681,
                34.10943
              ],
              [
                -117.789734,
                34.110288
              ],
              [
                -117.794034,
                34.110294
              ],
              [
                -117.794043,
                34.106661
              ],
              [
                -117.791533,
                34.106657
              ],
              [
                -117.791575,
                34.103934
              ],
              [
                -117.791172,
                34.103025
              ],
              [
                -117.794046,
                34.103028
              ],
              [
                -117.794077,
                34.102151
              ],
              [
                -117.796599,
                34.102788
              ],
              [
                -117.796667,
                34.101348
              ],
              [
                -117.801436,
                34.101335
              ],
              [
                -117.801433,
                34.09942
              ],
              [
                -117.798833,
                34.099493
              ],
              [
                -117.797762,
                34.099954
              ],
              [
                -117.796817,
                34.099456
              ],
              [
                -117.795472,
                34.099422
              ],
              [
                -117.795652,
                34.098859
              ],
              [
                -117.796329,
                34.098313
              ],
              [
                -117.796227,
                34.097776
              ],
              [
                -117.796511,
                34.097459
              ],
              [
                -117.795906,
                34.096034
              ],
              [
                -117.795125,
                34.095933
              ],
              [
                -117.794728,
                34.09537
              ],
              [
                -117.793145,
                34.095339
              ],
              [
                -117.789864,
                34.096059
              ],
              [
                -117.787284,
                34.095418
              ],
              [
                -117.787545,
                34.094874
              ],
              [
                -117.789374,
                34.095
              ],
              [
                -117.79007,
                34.094833
              ],
              [
                -117.791604,
                34.09393
              ],
              [
                -117.792674,
                34.093856
              ],
              [
                -117.793156,
                34.093199
              ],
              [
                -117.793227,
                34.092113
              ],
              [
                -117.794707,
                34.09218
              ],
              [
                -117.794792,
                34.09093
              ],
              [
                -117.785783,
                34.0906
              ],
              [
                -117.784045,
                34.089032
              ],
              [
                -117.78421,
                34.088592
              ],
              [
                -117.784931,
                34.08852
              ],
              [
                -117.785035,
                34.088326
              ],
              [
                -117.78682,
                34.088345
              ],
              [
                -117.785403,
                34.085091
              ],
              [
                -117.784079,
                34.084901
              ],
              [
                -117.782042,
                34.085387
              ],
              [
                -117.780975,
                34.083732
              ],
              [
                -117.783815,
                34.081081
              ],
              [
                -117.779608,
                34.079282
              ],
              [
                -117.781067,
                34.077238
              ],
              [
                -117.784571,
                34.076045
              ],
              [
                -117.787622,
                34.073778
              ],
              [
                -117.789476,
                34.072893
              ],
              [
                -117.794161,
                34.071626
              ],
              [
                -117.794873,
                34.071297
              ],
              [
                -117.795012,
                34.070886
              ],
              [
                -117.796374,
                34.070267
              ],
              [
                -117.797294,
                34.070253
              ],
              [
                -117.797499,
                34.069923
              ],
              [
                -117.801356,
                34.067878
              ],
              [
                -117.802852,
                34.067352
              ],
              [
                -117.804305,
                34.067262
              ],
              [
                -117.804832,
                34.066941
              ],
              [
                -117.805286,
                34.066196
              ],
              [
                -117.807368,
                34.065188
              ],
              [
                -117.807282,
                34.065024
              ],
              [
                -117.811541,
                34.064004
              ],
              [
                -117.818745,
                34.063656
              ],
              [
                -117.818962,
                34.063399
              ],
              [
                -117.817207,
                34.063117
              ],
              [
                -117.813623,
                34.063286
              ],
              [
                -117.812076,
                34.063043
              ],
              [
                -117.811545,
                34.063366
              ],
              [
                -117.808362,
                34.062989
              ],
              [
                -117.807069,
                34.062154
              ],
              [
                -117.805438,
                34.059252
              ],
              [
                -117.807861,
                34.058468
              ],
              [
                -117.81243,
                34.061267
              ],
              [
                -117.821136,
                34.055106
              ],
              [
                -117.815785,
                34.052971
              ],
              [
                -117.817172,
                34.050489
              ],
              [
                -117.820824,
                34.051802
              ],
              [
                -117.82872,
                34.037627
              ],
              [
                -117.824683,
                34.037615
              ],
              [
                -117.825181,
                34.036546
              ],
              [
                -117.82534,
                34.033659
              ],
              [
                -117.826798,
                34.031979
              ],
              [
                -117.828157,
                34.030979
              ],
              [
                -117.82799,
                34.030757
              ],
              [
                -117.827722,
                34.030607
              ],
              [
                -117.826704,
                34.030885
              ],
              [
                -117.826504,
                34.03147
              ],
              [
                -117.824697,
                34.032274
              ],
              [
                -117.823793,
                34.033444
              ],
              [
                -117.821483,
                34.03121
              ],
              [
                -117.818323,
                34.034425
              ],
              [
                -117.810718,
                34.029309
              ],
              [
                -117.805707,
                34.037001
              ],
              [
                -117.802303,
                34.041213
              ],
              [
                -117.801592,
                34.042788
              ],
              [
                -117.798508,
                34.040845
              ],
              [
                -117.797199,
                34.039386
              ],
              [
                -117.795945,
                34.038405
              ],
              [
                -117.794303,
                34.037579
              ],
              [
                -117.792561,
                34.03707
              ],
              [
                -117.785253,
                34.032427
              ],
              [
                -117.785172,
                34.026135
              ],
              [
                -117.783872,
                34.025767
              ],
              [
                -117.782444,
                34.02604
              ],
              [
                -117.767654,
                34.019386
              ],
              [
                -117.767092,
                34.0105
              ],
              [
                -117.767521,
                34.004749
              ],
              [
                -117.785034,
                34.004854
              ],
              [
                -117.802539,
                33.975551
              ],
              [
                -117.802536,
                33.968232
              ],
              [
                -117.793669,
                33.968135
              ],
              [
                -117.793828,
                33.953954
              ],
              [
                -117.783327,
                33.946264
              ],
              [
                -117.791868,
                33.946615
              ],
              [
                -117.851981,
                33.946938
              ],
              [
                -117.871964,
                33.945736
              ],
              [
                -117.911829,
                33.946305
              ],
              [
                -117.919561,
                33.947635
              ],
              [
                -117.91956,
                33.946075
              ],
              [
                -117.96665,
                33.946059
              ],
              [
                -117.966454,
                33.946932
              ],
              [
                -117.966126,
                33.947036
              ],
              [
                -117.965136,
                33.948574
              ],
              [
                -117.965453,
                33.948703
              ],
              [
                -117.965187,
                33.94896
              ],
              [
                -117.965251,
                33.949684
              ],
              [
                -117.986525,
                33.949657
              ],
              [
                -117.986353,
                33.950033
              ],
              [
                -117.987054,
                33.950264
              ],
              [
                -117.987248,
                33.950107
              ],
              [
                -117.988177,
                33.950589
              ],
              [
                -117.988689,
                33.949727
              ],
              [
                -117.992697,
                33.949573
              ],
              [
                -117.99297,
                33.949891
              ],
              [
                -117.980784,
                33.957808
              ],
              [
                -117.981941,
                33.958806
              ],
              [
                -117.983623,
                33.959636
              ],
              [
                -117.983199,
                33.960783
              ],
              [
                -117.982115,
                33.960759
              ],
              [
                -117.982623,
                33.962071
              ],
              [
                -117.983859,
                33.964036
              ],
              [
                -117.983633,
                33.965007
              ],
              [
                -117.976574,
                33.964805
              ],
              [
                -117.976662,
                33.975093
              ],
              [
                -117.993762,
                33.975163
              ],
              [
                -117.993568,
                33.982409
              ],
              [
                -118.006752,
                33.982401
              ],
              [
                -118.006654,
                33.986028
              ],
              [
                -118.019792,
                33.986117
              ],
              [
                -118.019726,
                33.989684
              ],
              [
                -118.028626,
                33.989946
              ],
              [
                -118.028606,
                34.003776
              ],
              [
                -118.037353,
                34.003834
              ],
              [
                -118.037333,
                34.000786
              ],
              [
                -118.046056,
                34.000893
              ],
              [
                -118.04652,
                34.001314
              ],
              [
                -118.046459,
                34.001709
              ],
              [
                -118.048993,
                34.001743
              ],
              [
                -118.050485,
                34.00242
              ],
              [
                -118.050622,
                34.001754
              ],
              [
                -118.053955,
                34.003491
              ],
              [
                -118.056201,
                34.003674
              ],
              [
                -118.056344,
                34.002116
              ],
              [
                -118.056572,
                34.001881
              ],
              [
                -118.062214,
                34.00574
              ],
              [
                -118.065478,
                34.003075
              ],
              [
                -118.067467,
                34.000617
              ],
              [
                -118.068619,
                33.995787
              ],
              [
                -118.070693,
                33.996588
              ],
              [
                -118.071104,
                33.995592
              ],
              [
                -118.070176,
                33.995234
              ],
              [
                -118.070257,
                33.995043
              ],
              [
                -118.070843,
                33.994511
              ],
              [
                -118.071271,
                33.9948
              ],
              [
                -118.072297,
                33.993218
              ],
              [
                -118.071652,
                33.992781
              ],
              [
                -118.07123,
                33.993204
              ],
              [
                -118.070786,
                33.992904
              ],
              [
                -118.06986,
                33.993849
              ],
              [
                -118.067795,
                33.992356
              ],
              [
                -118.068058,
                33.992087
              ],
              [
                -118.064377,
                33.989586
              ],
              [
                -118.067546,
                33.986378
              ],
              [
                -118.064021,
                33.983957
              ],
              [
                -118.060934,
                33.987089
              ],
              [
                -118.058555,
                33.985497
              ],
              [
                -118.057883,
                33.98477
              ],
              [
                -118.057675,
                33.984983
              ],
              [
                -118.054508,
                33.982852
              ],
              [
                -118.054716,
                33.982573
              ],
              [
                -118.054482,
                33.982318
              ],
              [
                -118.055206,
                33.982274
              ],
              [
                -118.053997,
                33.981201
              ],
              [
                -118.054352,
                33.980885
              ],
              [
                -118.054162,
                33.98072
              ],
              [
                -118.053798,
                33.980976
              ],
              [
                -118.053248,
                33.979347
              ],
              [
                -118.053037,
                33.979201
              ],
              [
                -118.052751,
                33.97949
              ],
              [
                -118.05195,
                33.978928
              ],
              [
                -118.053323,
                33.977537
              ],
              [
                -118.052263,
                33.976022
              ],
              [
                -118.053668,
                33.974335
              ],
              [
                -118.052067,
                33.972301
              ],
              [
                -118.053229,
                33.97167
              ],
              [
                -118.051132,
                33.969917
              ],
              [
                -118.051888,
                33.96757
              ],
              [
                -118.070946,
                33.971828
              ],
              [
                -118.070797,
                33.972296
              ],
              [
                -118.071384,
                33.972605
              ],
              [
                -118.071127,
                33.973411
              ],
              [
                -118.072579,
                33.973667
              ],
              [
                -118.072561,
                33.974404
              ],
              [
                -118.072924,
                33.974335
              ],
              [
                -118.073444,
                33.974974
              ],
              [
                -118.074712,
                33.974628
              ],
              [
                -118.073729,
                33.972328
              ],
              [
                -118.074273,
                33.972445
              ],
              [
                -118.074621,
                33.972008
              ],
              [
                -118.073569,
                33.970362
              ],
              [
                -118.073686,
                33.970115
              ],
              [
                -118.0729,
                33.969856
              ],
              [
                -118.072603,
                33.97045
              ],
              [
                -118.071994,
                33.970545
              ],
              [
                -118.071421,
                33.970399
              ],
              [
                -118.071544,
                33.969451
              ],
              [
                -118.070466,
                33.96934
              ],
              [
                -118.070031,
                33.969941
              ],
              [
                -118.068909,
                33.969804
              ],
              [
                -118.068823,
                33.970361
              ],
              [
                -118.066177,
                33.969767
              ],
              [
                -118.06653,
                33.967498
              ],
              [
                -118.066934,
                33.967554
              ],
              [
                -118.066889,
                33.967253
              ],
              [
                -118.065662,
                33.967237
              ],
              [
                -118.066532,
                33.964696
              ],
              [
                -118.070544,
                33.964702
              ],
              [
                -118.07048,
                33.964248
              ],
              [
                -118.067812,
                33.964216
              ],
              [
                -118.067748,
                33.96395
              ],
              [
                -118.068354,
                33.963851
              ],
              [
                -118.068049,
                33.962426
              ],
              [
                -118.068406,
                33.96237
              ],
              [
                -118.068257,
                33.961666
              ],
              [
                -118.070173,
                33.961378
              ],
              [
                -118.070387,
                33.960061
              ],
              [
                -118.071057,
                33.960151
              ],
              [
                -118.071009,
                33.960465
              ],
              [
                -118.073938,
                33.960764
              ],
              [
                -118.076026,
                33.96254
              ],
              [
                -118.077813,
                33.96347
              ],
              [
                -118.088853,
                33.966916
              ],
              [
                -118.088483,
                33.965399
              ],
              [
                -118.086775,
                33.961994
              ],
              [
                -118.086749,
                33.960005
              ],
              [
                -118.088312,
                33.956862
              ],
              [
                -118.090532,
                33.953504
              ],
              [
                -118.093247,
                33.9503
              ],
              [
                -118.096971,
                33.951985
              ],
              [
                -118.110744,
                33.961476
              ],
              [
                -118.121313,
                33.972948
              ],
              [
                -118.122978,
                33.971916
              ],
              [
                -118.125126,
                33.971181
              ],
              [
                -118.129373,
                33.970991
              ],
              [
                -118.130585,
                33.973318
              ],
              [
                -118.132418,
                33.972666
              ],
              [
                -118.134198,
                33.972501
              ],
              [
                -118.150218,
                33.974257
              ],
              [
                -118.149567,
                33.976976
              ],
              [
                -118.149741,
                33.976996
              ],
              [
                -118.149645,
                33.977654
              ],
              [
                -118.167048,
                33.979359
              ],
              [
                -118.167307,
                33.981006
              ],
              [
                -118.168246,
                33.98387
              ],
              [
                -118.168053,
                33.983849
              ],
              [
                -118.169093,
                33.986441
              ],
              [
                -118.170249,
                33.988154
              ],
              [
                -118.161673,
                33.987265
              ],
              [
                -118.160957,
                33.991805
              ],
              [
                -118.158915,
                33.991394
              ],
              [
                -118.154956,
                33.991407
              ],
              [
                -118.152744,
                33.990825
              ],
              [
                -118.15207,
                33.992215
              ],
              [
                -118.160402,
                33.995026
              ],
              [
                -118.160349,
                33.995184
              ],
              [
                -118.166397,
                33.998343
              ],
              [
                -118.174132,
                34.000963
              ],
              [
                -118.173945,
                34.001331
              ],
              [
                -118.181835,
                34.005497
              ],
              [
                -118.193506,
                34.009441
              ],
              [
                -118.192451,
                34.011451
              ],
              [
                -118.192118,
                34.012918
              ],
              [
                -118.191415,
                34.012857
              ],
              [
                -118.191434,
                34.01508
              ],
              [
                -118.192225,
                34.015081
              ],
              [
                -118.192367,
                34.033363
              ],
              [
                -118.191397,
                34.033457
              ],
              [
                -118.191408,
                34.034422
              ],
              [
                -118.191848,
                34.034422
              ],
              [
                -118.191844,
                34.034006
              ],
              [
                -118.192376,
                34.034005
              ],
              [
                -118.192625,
                34.06176
              ],
              [
                -118.181303,
                34.061752
              ],
              [
                -118.181302,
                34.062296
              ],
              [
                -118.173083,
                34.062281
              ],
              [
                -118.173394,
                34.062097
              ],
              [
                -118.173023,
                34.062119
              ],
              [
                -118.172831,
                34.06183
              ],
              [
                -118.171835,
                34.062289
              ],
              [
                -118.169255,
                34.062285
              ],
              [
                -118.169508,
                34.048628
              ],
              [
                -118.169272,
                34.048621
              ],
              [
                -118.169272,
                34.048352
              ],
              [
                -118.168062,
                34.048351
              ],
              [
                -118.168344,
                34.047917
              ],
              [
                -118.168436,
                34.046686
              ],
              [
                -118.169182,
                34.045222
              ],
              [
                -118.169471,
                34.045234
              ],
              [
                -118.169819,
                34.04421
              ],
              [
                -118.157158,
                34.044257
              ],
              [
                -118.15728,
                34.036259
              ],
              [
                -118.153861,
                34.035898
              ],
              [
                -118.152884,
                34.035257
              ],
              [
                -118.151637,
                34.033963
              ],
              [
                -118.150186,
                34.034696
              ],
              [
                -118.147346,
                34.033384
              ],
              [
                -118.144077,
                34.033429
              ],
              [
                -118.144057,
                34.03228
              ],
              [
                -118.14287,
                34.032157
              ],
              [
                -118.142862,
                34.030918
              ],
              [
                -118.143839,
                34.030911
              ],
              [
                -118.143839,
                34.030396
              ],
              [
                -118.142859,
                34.030402
              ],
              [
                -118.142839,
                34.027236
              ],
              [
                -118.143548,
                34.026277
              ],
              [
                -118.14283,
                34.025844
              ],
              [
                -118.142821,
                34.024731
              ],
              [
                -118.143392,
                34.023891
              ],
              [
                -118.130198,
                34.015977
              ],
              [
                -118.130408,
                34.015261
              ],
              [
                -118.130736,
                34.015302
              ],
              [
                -118.131027,
                34.014467
              ],
              [
                -118.130675,
                34.01439
              ],
              [
                -118.130774,
                34.014071
              ],
              [
                -118.12673,
                34.013113
              ],
              [
                -118.127508,
                34.00767
              ],
              [
                -118.127706,
                34.007411
              ],
              [
                -118.127081,
                34.007357
              ],
              [
                -118.12711,
                34.007085
              ],
              [
                -118.129827,
                34.002411
              ],
              [
                -118.128213,
                34.001765
              ],
              [
                -118.128883,
                34.000612
              ],
              [
                -118.128468,
                34.00043
              ],
              [
                -118.129119,
                33.999138
              ],
              [
                -118.12888,
                33.999038
              ],
              [
                -118.129775,
                33.993023
              ],
              [
                -118.125231,
                33.991169
              ],
              [
                -118.128542,
                33.985536
              ],
              [
                -118.133225,
                33.987118
              ],
              [
                -118.134207,
                33.985455
              ],
              [
                -118.125141,
                33.976397
              ],
              [
                -118.122905,
                33.974476
              ],
              [
                -118.122064,
                33.974519
              ],
              [
                -118.119969,
                33.975492
              ],
              [
                -118.116411,
                33.981432
              ],
              [
                -118.116468,
                33.98175
              ],
              [
                -118.115677,
                33.983726
              ],
              [
                -118.115457,
                33.985907
              ],
              [
                -118.115304,
                33.985846
              ],
              [
                -118.114924,
                33.987626
              ],
              [
                -118.114334,
                33.98892
              ],
              [
                -118.111991,
                33.990849
              ],
              [
                -118.111463,
                33.991606
              ],
              [
                -118.111562,
                33.991836
              ],
              [
                -118.111373,
                33.991725
              ],
              [
                -118.109781,
                33.993808
              ],
              [
                -118.10866,
                33.993342
              ],
              [
                -118.108411,
                33.993933
              ],
              [
                -118.10561,
                33.99615
              ],
              [
                -118.104463,
                33.997437
              ],
              [
                -118.103403,
                33.999553
              ],
              [
                -118.097398,
                34.001294
              ],
              [
                -118.096611,
                34.004025
              ],
              [
                -118.096174,
                34.007843
              ],
              [
                -118.095175,
                34.009743
              ],
              [
                -118.092115,
                34.012966
              ],
              [
                -118.092923,
                34.013709
              ],
              [
                -118.073221,
                34.027719
              ],
              [
                -118.073003,
                34.030608
              ],
              [
                -118.073812,
                34.031865
              ],
              [
                -118.077849,
                34.035615
              ],
              [
                -118.079409,
                34.035013
              ],
              [
                -118.079971,
                34.035347
              ],
              [
                -118.080352,
                34.034751
              ],
              [
                -118.081102,
                34.034362
              ],
              [
                -118.081384,
                34.034868
              ],
              [
                -118.082302,
                34.034911
              ],
              [
                -118.082335,
                34.037739
              ],
              [
                -118.082689,
                34.03815
              ],
              [
                -118.083451,
                34.037911
              ],
              [
                -118.084674,
                34.038618
              ],
              [
                -118.087797,
                34.039196
              ],
              [
                -118.090412,
                34.04006
              ],
              [
                -118.09059,
                34.040203
              ],
              [
                -118.09045,
                34.040437
              ],
              [
                -118.091053,
                34.040692
              ],
              [
                -118.092111,
                34.042058
              ],
              [
                -118.093854,
                34.04287
              ],
              [
                -118.092471,
                34.045173
              ],
              [
                -118.094403,
                34.046001
              ],
              [
                -118.095297,
                34.044534
              ],
              [
                -118.094296,
                34.044121
              ],
              [
                -118.094794,
                34.043291
              ],
              [
                -118.096962,
                34.044871
              ],
              [
                -118.100219,
                34.044852
              ],
              [
                -118.103106,
                34.046922
              ],
              [
                -118.10297,
                34.047124
              ],
              [
                -118.105117,
                34.046924
              ],
              [
                -118.106427,
                34.046503
              ],
              [
                -118.108008,
                34.047084
              ],
              [
                -118.1081,
                34.062586
              ],
              [
                -118.107291,
                34.062592
              ],
              [
                -118.107312,
                34.064373
              ],
              [
                -118.106924,
                34.064399
              ],
              [
                -118.106952,
                34.065655
              ],
              [
                -118.107242,
                34.06566
              ],
              [
                -118.107324,
                34.06631
              ],
              [
                -118.107356,
                34.069778
              ],
              [
                -118.107961,
                34.069939
              ],
              [
                -118.107449,
                34.070487
              ],
              [
                -118.107401,
                34.071518
              ],
              [
                -118.100373,
                34.071494
              ],
              [
                -118.100016,
                34.071166
              ],
              [
                -118.099524,
                34.071203
              ],
              [
                -118.099534,
                34.072329
              ],
              [
                -118.098238,
                34.072132
              ],
              [
                -118.098047,
                34.072348
              ],
              [
                -118.097091,
                34.072356
              ],
              [
                -118.096917,
                34.072055
              ],
              [
                -118.09679,
                34.072358
              ],
              [
                -118.096662,
                34.072057
              ],
              [
                -118.095982,
                34.072253
              ],
              [
                -118.095891,
                34.072063
              ],
              [
                -118.095811,
                34.072255
              ],
              [
                -118.095062,
                34.07207
              ],
              [
                -118.090687,
                34.072336
              ],
              [
                -118.090693,
                34.072631
              ],
              [
                -118.088387,
                34.072194
              ],
              [
                -118.087037,
                34.072377
              ],
              [
                -118.087045,
                34.074807
              ],
              [
                -118.088883,
                34.07492
              ],
              [
                -118.088887,
                34.076481
              ],
              [
                -118.087832,
                34.076553
              ],
              [
                -118.087839,
                34.080288
              ],
              [
                -118.083517,
                34.080461
              ],
              [
                -118.084945,
                34.082441
              ],
              [
                -118.085652,
                34.083037
              ],
              [
                -118.085537,
                34.083233
              ],
              [
                -118.085873,
                34.083273
              ],
              [
                -118.08574,
                34.083503
              ],
              [
                -118.086055,
                34.083502
              ],
              [
                -118.085917,
                34.083741
              ],
              [
                -118.08616,
                34.084066
              ],
              [
                -118.086499,
                34.084036
              ],
              [
                -118.08651,
                34.084534
              ],
              [
                -118.086825,
                34.08442
              ],
              [
                -118.086665,
                34.084773
              ],
              [
                -118.087046,
                34.084681
              ],
              [
                -118.086841,
                34.085044
              ],
              [
                -118.087288,
                34.084966
              ],
              [
                -118.087131,
                34.085491
              ],
              [
                -118.087751,
                34.085511
              ],
              [
                -118.087771,
                34.085837
              ],
              [
                -118.087442,
                34.086057
              ],
              [
                -118.087796,
                34.086251
              ],
              [
                -118.087494,
                34.08638
              ],
              [
                -118.087827,
                34.086787
              ],
              [
                -118.087624,
                34.087177
              ],
              [
                -118.08787,
                34.087533
              ],
              [
                -118.087724,
                34.087793
              ],
              [
                -118.088211,
                34.091789
              ],
              [
                -118.08722,
                34.091837
              ],
              [
                -118.087266,
                34.095313
              ],
              [
                -118.087921,
                34.095528
              ],
              [
                -118.089099,
                34.097318
              ],
              [
                -118.089103,
                34.098698
              ],
              [
                -118.086706,
                34.098537
              ],
              [
                -118.086698,
                34.097886
              ],
              [
                -118.086105,
                34.097838
              ],
              [
                -118.0861,
                34.09734
              ],
              [
                -118.086581,
                34.097341
              ],
              [
                -118.086683,
                34.096906
              ],
              [
                -118.086096,
                34.096909
              ],
              [
                -118.086087,
                34.096523
              ],
              [
                -118.084931,
                34.09653
              ],
              [
                -118.084935,
                34.096965
              ],
              [
                -118.083721,
                34.096971
              ],
              [
                -118.083715,
                34.098443
              ],
              [
                -118.083085,
                34.098446
              ],
              [
                -118.08307,
                34.098994
              ],
              [
                -118.082369,
                34.098999
              ],
              [
                -118.08231,
                34.093693
              ],
              [
                -118.081488,
                34.093377
              ],
              [
                -118.081432,
                34.099444
              ],
              [
                -118.080791,
                34.099436
              ],
              [
                -118.080785,
                34.098959
              ],
              [
                -118.077895,
                34.098965
              ],
              [
                -118.077833,
                34.101548
              ],
              [
                -118.077269,
                34.101605
              ],
              [
                -118.077191,
                34.101959
              ],
              [
                -118.077205,
                34.104929
              ],
              [
                -118.077937,
                34.105403
              ],
              [
                -118.078017,
                34.105684
              ],
              [
                -118.081225,
                34.105691
              ],
              [
                -118.081345,
                34.11347
              ],
              [
                -118.082307,
                34.113593
              ],
              [
                -118.082211,
                34.106367
              ],
              [
                -118.083321,
                34.106362
              ],
              [
                -118.083324,
                34.105843
              ],
              [
                -118.0827,
                34.105819
              ],
              [
                -118.0827,
                34.106176
              ],
              [
                -118.082206,
                34.106179
              ],
              [
                -118.082213,
                34.104036
              ],
              [
                -118.084972,
                34.103957
              ],
              [
                -118.085012,
                34.105254
              ],
              [
                -118.088118,
                34.105238
              ],
              [
                -118.087969,
                34.103926
              ],
              [
                -118.088462,
                34.103923
              ],
              [
                -118.088471,
                34.10433
              ],
              [
                -118.090108,
                34.104313
              ],
              [
                -118.090272,
                34.105294
              ],
              [
                -118.088668,
                34.105302
              ],
              [
                -118.088572,
                34.106286
              ],
              [
                -118.086598,
                34.106338
              ],
              [
                -118.086642,
                34.108132
              ],
              [
                -118.090908,
                34.108121
              ],
              [
                -118.091039,
                34.114106
              ],
              [
                -118.089871,
                34.114107
              ],
              [
                -118.08988,
                34.114666
              ],
              [
                -118.091159,
                34.114796
              ],
              [
                -118.091298,
                34.115278
              ],
              [
                -118.091428,
                34.122233
              ],
              [
                -118.090292,
                34.123431
              ],
              [
                -118.09054,
                34.124782
              ],
              [
                -118.088156,
                34.125494
              ],
              [
                -118.088575,
                34.126939
              ],
              [
                -118.087952,
                34.127117
              ],
              [
                -118.088144,
                34.127558
              ],
              [
                -118.090368,
                34.126902
              ],
              [
                -118.090147,
                34.126191
              ],
              [
                -118.090899,
                34.126043
              ],
              [
                -118.091219,
                34.127151
              ],
              [
                -118.093232,
                34.131362
              ],
              [
                -118.094179,
                34.134242
              ],
              [
                -118.090493,
                34.134265
              ],
              [
                -118.090407,
                34.133364
              ],
              [
                -118.090003,
                34.132898
              ],
              [
                -118.088318,
                34.132763
              ],
              [
                -118.088262,
                34.131034
              ],
              [
                -118.087898,
                34.130495
              ],
              [
                -118.087278,
                34.130296
              ],
              [
                -118.085535,
                34.130542
              ],
              [
                -118.085056,
                34.131077
              ],
              [
                -118.084993,
                34.132043
              ],
              [
                -118.083484,
                34.132137
              ],
              [
                -118.082903,
                34.132826
              ],
              [
                -118.082848,
                34.139466
              ],
              [
                -118.082507,
                34.139467
              ],
              [
                -118.082162,
                34.138827
              ],
              [
                -118.081516,
                34.138589
              ],
              [
                -118.078682,
                34.138633
              ],
              [
                -118.077948,
                34.139381
              ],
              [
                -118.077961,
                34.142267
              ],
              [
                -118.078209,
                34.142907
              ],
              [
                -118.078888,
                34.143246
              ],
              [
                -118.08238,
                34.143235
              ],
              [
                -118.082242,
                34.144721
              ],
              [
                -118.081258,
                34.144733
              ],
              [
                -118.080309,
                34.143726
              ],
              [
                -118.07911,
                34.143693
              ],
              [
                -118.078429,
                34.144291
              ],
              [
                -118.078364,
                34.145258
              ],
              [
                -118.077351,
                34.145512
              ],
              [
                -118.077005,
                34.146389
              ],
              [
                -118.072813,
                34.146997
              ],
              [
                -118.072425,
                34.147596
              ],
              [
                -118.072417,
                34.149226
              ],
              [
                -118.067718,
                34.149301
              ],
              [
                -118.067386,
                34.131515
              ],
              [
                -118.069035,
                34.131398
              ],
              [
                -118.069209,
                34.131024
              ],
              [
                -118.067891,
                34.130985
              ],
              [
                -118.067872,
                34.129763
              ],
              [
                -118.067354,
                34.129787
              ],
              [
                -118.067291,
                34.125355
              ],
              [
                -118.06773,
                34.125326
              ],
              [
                -118.067694,
                34.124061
              ],
              [
                -118.067277,
                34.124143
              ],
              [
                -118.067101,
                34.123274
              ],
              [
                -118.061322,
                34.124101
              ],
              [
                -118.061238,
                34.123682
              ],
              [
                -118.060546,
                34.123917
              ],
              [
                -118.06047,
                34.123532
              ],
              [
                -118.059848,
                34.123622
              ],
              [
                -118.05962,
                34.122495
              ],
              [
                -118.058332,
                34.122675
              ],
              [
                -118.057917,
                34.120618
              ],
              [
                -118.057139,
                34.120726
              ],
              [
                -118.056932,
                34.120112
              ],
              [
                -118.055683,
                34.113861
              ],
              [
                -118.054703,
                34.113992
              ],
              [
                -118.054631,
                34.113635
              ],
              [
                -118.05421,
                34.113695
              ],
              [
                -118.054012,
                34.111413
              ],
              [
                -118.053697,
                34.111457
              ],
              [
                -118.053275,
                34.109483
              ],
              [
                -118.052738,
                34.109519
              ],
              [
                -118.052633,
                34.109014
              ],
              [
                -118.053168,
                34.10894
              ],
              [
                -118.052735,
                34.107943
              ],
              [
                -118.053061,
                34.107912
              ],
              [
                -118.053011,
                34.10764
              ],
              [
                -118.053553,
                34.107564
              ],
              [
                -118.053403,
                34.106802
              ],
              [
                -118.052779,
                34.106888
              ],
              [
                -118.052272,
                34.104287
              ],
              [
                -118.03895,
                34.106205
              ],
              [
                -118.038741,
                34.105179
              ],
              [
                -118.037981,
                34.105289
              ],
              [
                -118.038084,
                34.105778
              ],
              [
                -118.036213,
                34.106048
              ],
              [
                -118.036297,
                34.106458
              ],
              [
                -118.034795,
                34.106669
              ],
              [
                -118.034699,
                34.106207
              ],
              [
                -118.033733,
                34.106345
              ],
              [
                -118.033622,
                34.105814
              ],
              [
                -118.032748,
                34.105938
              ],
              [
                -118.032828,
                34.10633
              ],
              [
                -118.032693,
                34.106158
              ],
              [
                -118.031026,
                34.1064
              ],
              [
                -118.031177,
                34.107125
              ],
              [
                -118.030768,
                34.107182
              ],
              [
                -118.030495,
                34.106384
              ],
              [
                -118.029178,
                34.106569
              ],
              [
                -118.029236,
                34.106851
              ],
              [
                -118.026199,
                34.107286
              ],
              [
                -118.024565,
                34.107348
              ],
              [
                -118.024545,
                34.107018
              ],
              [
                -118.024343,
                34.107038
              ],
              [
                -118.01847,
                34.107896
              ],
              [
                -118.018585,
                34.108464
              ],
              [
                -118.017321,
                34.10865
              ],
              [
                -118.01659,
                34.105288
              ],
              [
                -118.017894,
                34.102516
              ],
              [
                -118.019222,
                34.102789
              ],
              [
                -118.02027,
                34.099349
              ],
              [
                -118.021883,
                34.0984
              ],
              [
                -118.021793,
                34.098234
              ],
              [
                -118.025407,
                34.096406
              ],
              [
                -118.025611,
                34.096324
              ],
              [
                -118.025554,
                34.096714
              ],
              [
                -118.025818,
                34.096744
              ],
              [
                -118.025758,
                34.097829
              ],
              [
                -118.027384,
                34.096847
              ],
              [
                -118.027884,
                34.097416
              ],
              [
                -118.027919,
                34.097136
              ],
              [
                -118.028544,
                34.097004
              ],
              [
                -118.032687,
                34.096408
              ],
              [
                -118.032412,
                34.095078
              ],
              [
                -118.033147,
                34.093509
              ],
              [
                -118.034258,
                34.093346
              ],
              [
                -118.034368,
                34.093885
              ],
              [
                -118.034939,
                34.093814
              ],
              [
                -118.034889,
                34.09357
              ],
              [
                -118.036322,
                34.093284
              ],
              [
                -118.036161,
                34.092488
              ],
              [
                -118.038735,
                34.092111
              ],
              [
                -118.038817,
                34.092513
              ],
              [
                -118.039924,
                34.09235
              ],
              [
                -118.039842,
                34.091947
              ],
              [
                -118.041923,
                34.091605
              ],
              [
                -118.042117,
                34.092511
              ],
              [
                -118.042867,
                34.0924
              ],
              [
                -118.042687,
                34.091493
              ],
              [
                -118.051655,
                34.090229
              ],
              [
                -118.051837,
                34.091024
              ],
              [
                -118.052101,
                34.090984
              ],
              [
                -118.051927,
                34.090177
              ],
              [
                -118.056514,
                34.089486
              ],
              [
                -118.056415,
                34.08908
              ],
              [
                -118.055735,
                34.08918
              ],
              [
                -118.055725,
                34.089509
              ],
              [
                -118.055025,
                34.089319
              ],
              [
                -118.056566,
                34.085376
              ],
              [
                -118.058552,
                34.086034
              ],
              [
                -118.058746,
                34.085615
              ],
              [
                -118.061858,
                34.086638
              ],
              [
                -118.06306,
                34.081285
              ],
              [
                -118.059375,
                34.081385
              ],
              [
                -118.059019,
                34.082285
              ],
              [
                -118.059877,
                34.082522
              ],
              [
                -118.059422,
                34.083304
              ],
              [
                -118.057827,
                34.082786
              ],
              [
                -118.056941,
                34.08502
              ],
              [
                -118.055981,
                34.084704
              ],
              [
                -118.055919,
                34.080973
              ],
              [
                -118.056181,
                34.080325
              ],
              [
                -118.055908,
                34.080191
              ],
              [
                -118.055781,
                34.072405
              ],
              [
                -118.073005,
                34.072195
              ],
              [
                -118.072926,
                34.070823
              ],
              [
                -118.072458,
                34.069831
              ],
              [
                -118.067795,
                34.065354
              ],
              [
                -118.068261,
                34.065054
              ],
              [
                -118.068705,
                34.065689
              ],
              [
                -118.069,
                34.065673
              ],
              [
                -118.068752,
                34.064813
              ],
              [
                -118.068931,
                34.063894
              ],
              [
                -118.06984,
                34.062839
              ],
              [
                -118.068567,
                34.062836
              ],
              [
                -118.067973,
                34.064216
              ],
              [
                -118.066531,
                34.064531
              ],
              [
                -118.065329,
                34.063375
              ],
              [
                -118.065021,
                34.063598
              ],
              [
                -118.064803,
                34.063393
              ],
              [
                -118.063917,
                34.063394
              ],
              [
                -118.063916,
                34.063807
              ],
              [
                -118.063503,
                34.063948
              ],
              [
                -118.06307,
                34.063949
              ],
              [
                -118.063057,
                34.063532
              ],
              [
                -118.060581,
                34.06353
              ],
              [
                -118.060581,
                34.064307
              ],
              [
                -118.060245,
                34.064302
              ],
              [
                -118.060034,
                34.063472
              ],
              [
                -118.059648,
                34.063472
              ],
              [
                -118.059649,
                34.063752
              ],
              [
                -118.059439,
                34.063753
              ],
              [
                -118.059427,
                34.063472
              ],
              [
                -118.059031,
                34.063473
              ],
              [
                -118.059032,
                34.063761
              ],
              [
                -118.056881,
                34.06362
              ],
              [
                -118.056883,
                34.063898
              ],
              [
                -118.056532,
                34.063898
              ],
              [
                -118.056518,
                34.06362
              ],
              [
                -118.055801,
                34.06362
              ],
              [
                -118.055799,
                34.063411
              ],
              [
                -118.055474,
                34.063406
              ],
              [
                -118.055321,
                34.062314
              ],
              [
                -118.05619,
                34.062311
              ],
              [
                -118.056192,
                34.061901
              ],
              [
                -118.056511,
                34.061901
              ],
              [
                -118.056511,
                34.061569
              ],
              [
                -118.056763,
                34.061569
              ],
              [
                -118.056762,
                34.060725
              ],
              [
                -118.057954,
                34.060724
              ],
              [
                -118.057952,
                34.059363
              ],
              [
                -118.058233,
                34.059363
              ],
              [
                -118.058173,
                34.058673
              ],
              [
                -118.057839,
                34.058673
              ],
              [
                -118.057839,
                34.059006
              ],
              [
                -118.056404,
                34.05884
              ],
              [
                -118.056401,
                34.056702
              ],
              [
                -118.05567,
                34.056697
              ],
              [
                -118.055655,
                34.056447
              ],
              [
                -118.05489,
                34.056449
              ],
              [
                -118.054892,
                34.057275
              ],
              [
                -118.053474,
                34.057277
              ],
              [
                -118.053482,
                34.059093
              ],
              [
                -118.046385,
                34.059024
              ],
              [
                -118.046392,
                34.059189
              ],
              [
                -118.045775,
                34.059187
              ],
              [
                -118.045762,
                34.059022
              ],
              [
                -118.044666,
                34.059023
              ],
              [
                -118.043862,
                34.058721
              ],
              [
                -118.040852,
                34.058709
              ],
              [
                -118.040842,
                34.058144
              ],
              [
                -118.040187,
                34.058155
              ],
              [
                -118.040185,
                34.058705
              ],
              [
                -118.038052,
                34.05868
              ],
              [
                -118.038066,
                34.057127
              ],
              [
                -118.037327,
                34.057117
              ],
              [
                -118.03732,
                34.056577
              ],
              [
                -118.036547,
                34.056573
              ],
              [
                -118.036544,
                34.056037
              ],
              [
                -118.034622,
                34.056018
              ],
              [
                -118.034645,
                34.053464
              ],
              [
                -118.03414,
                34.053456
              ],
              [
                -118.034138,
                34.053185
              ],
              [
                -118.034385,
                34.053186
              ],
              [
                -118.034434,
                34.052183
              ],
              [
                -118.034902,
                34.0518
              ],
              [
                -118.034604,
                34.051546
              ],
              [
                -118.034132,
                34.051931
              ],
              [
                -118.028202,
                34.046904
              ],
              [
                -118.027718,
                34.047285
              ],
              [
                -118.026647,
                34.046416
              ],
              [
                -118.026389,
                34.046613
              ],
              [
                -118.026044,
                34.046313
              ],
              [
                -118.027677,
                34.044984
              ],
              [
                -118.025538,
                34.043178
              ],
              [
                -118.02474,
                34.043835
              ],
              [
                -118.022081,
                34.041649
              ],
              [
                -118.018045,
                34.04344
              ],
              [
                -118.015218,
                34.045196
              ],
              [
                -118.01229,
                34.048099
              ],
              [
                -118.010114,
                34.051425
              ],
              [
                -118.007846,
                34.057672
              ],
              [
                -118.012608,
                34.061059
              ],
              [
                -118.011911,
                34.062406
              ],
              [
                -118.011381,
                34.062219
              ],
              [
                -118.011073,
                34.062841
              ],
              [
                -118.011671,
                34.062832
              ],
              [
                -118.01134,
                34.063533
              ],
              [
                -118.010368,
                34.063641
              ],
              [
                -118.010254,
                34.062938
              ],
              [
                -118.009696,
                34.062743
              ],
              [
                -118.010598,
                34.060974
              ],
              [
                -118.009619,
                34.060638
              ],
              [
                -118.008492,
                34.062878
              ],
              [
                -118.006875,
                34.063504
              ],
              [
                -118.006366,
                34.063931
              ],
              [
                -118.0053,
                34.064099
              ],
              [
                -118.005571,
                34.063306
              ],
              [
                -118.005889,
                34.063381
              ],
              [
                -118.007681,
                34.058154
              ],
              [
                -118.003495,
                34.05515
              ],
              [
                -118.002774,
                34.055723
              ],
              [
                -118.000273,
                34.061668
              ],
              [
                -117.991509,
                34.062652
              ],
              [
                -117.990954,
                34.062282
              ],
              [
                -117.990296,
                34.062958
              ],
              [
                -117.989788,
                34.06262
              ],
              [
                -117.989525,
                34.062883
              ],
              [
                -117.988692,
                34.062963
              ],
              [
                -117.988465,
                34.06276
              ],
              [
                -117.986566,
                34.062768
              ],
              [
                -117.985828,
                34.063185
              ],
              [
                -117.98537,
                34.06288
              ],
              [
                -117.985295,
                34.062419
              ],
              [
                -117.981455,
                34.062686
              ],
              [
                -117.97861,
                34.063376
              ],
              [
                -117.978073,
                34.063008
              ],
              [
                -117.976162,
                34.064961
              ],
              [
                -117.975784,
                34.065069
              ],
              [
                -117.975825,
                34.064178
              ],
              [
                -117.973035,
                34.063809
              ],
              [
                -117.970597,
                34.066101
              ],
              [
                -117.96957,
                34.065349
              ],
              [
                -117.969946,
                34.064972
              ],
              [
                -117.96952,
                34.064644
              ],
              [
                -117.9704,
                34.063809
              ],
              [
                -117.969505,
                34.063157
              ],
              [
                -117.969293,
                34.063353
              ],
              [
                -117.966927,
                34.061613
              ],
              [
                -117.965925,
                34.062549
              ],
              [
                -117.963566,
                34.060811
              ],
              [
                -117.964593,
                34.059842
              ],
              [
                -117.964055,
                34.059445
              ],
              [
                -117.963797,
                34.059691
              ],
              [
                -117.962825,
                34.058973
              ],
              [
                -117.962059,
                34.059698
              ],
              [
                -117.95883,
                34.057321
              ],
              [
                -117.963801,
                34.052647
              ],
              [
                -117.956686,
                34.047401
              ],
              [
                -117.951726,
                34.052101
              ],
              [
                -117.948191,
                34.049497
              ],
              [
                -117.94406,
                34.053155
              ],
              [
                -117.942447,
                34.051998
              ],
              [
                -117.942067,
                34.052343
              ],
              [
                -117.938615,
                34.052312
              ],
              [
                -117.93863,
                34.051373
              ],
              [
                -117.938267,
                34.051368
              ],
              [
                -117.938342,
                34.050491
              ],
              [
                -117.933557,
                34.050448
              ],
              [
                -117.933551,
                34.050948
              ],
              [
                -117.934274,
                34.050955
              ],
              [
                -117.934269,
                34.051359
              ],
              [
                -117.929915,
                34.05132
              ],
              [
                -117.929929,
                34.050419
              ],
              [
                -117.933197,
                34.050448
              ],
              [
                -117.933218,
                34.04863
              ],
              [
                -117.925689,
                34.048557
              ],
              [
                -117.925644,
                34.052179
              ],
              [
                -117.921799,
                34.052142
              ],
              [
                -117.9218,
                34.051958
              ],
              [
                -117.921192,
                34.051954
              ],
              [
                -117.921202,
                34.051243
              ],
              [
                -117.912459,
                34.051149
              ],
              [
                -117.91247,
                34.05034
              ],
              [
                -117.914615,
                34.050361
              ],
              [
                -117.914636,
                34.048161
              ],
              [
                -117.914003,
                34.048154
              ],
              [
                -117.914009,
                34.047234
              ],
              [
                -117.914662,
                34.047241
              ],
              [
                -117.914692,
                34.046911
              ],
              [
                -117.915692,
                34.046653
              ],
              [
                -117.917733,
                34.04657
              ],
              [
                -117.919555,
                34.045736
              ],
              [
                -117.919965,
                34.044917
              ],
              [
                -117.920362,
                34.044817
              ],
              [
                -117.920295,
                34.044468
              ],
              [
                -117.922873,
                34.04405
              ],
              [
                -117.922876,
                34.043222
              ],
              [
                -117.923475,
                34.044095
              ],
              [
                -117.925679,
                34.044143
              ],
              [
                -117.925755,
                34.042859
              ],
              [
                -117.926489,
                34.040682
              ],
              [
                -117.926632,
                34.039423
              ],
              [
                -117.926128,
                34.037263
              ],
              [
                -117.926122,
                34.035698
              ],
              [
                -117.919482,
                34.03514
              ],
              [
                -117.917897,
                34.034474
              ],
              [
                -117.916631,
                34.03333
              ],
              [
                -117.915811,
                34.032051
              ],
              [
                -117.916063,
                34.031952
              ],
              [
                -117.915342,
                34.030725
              ],
              [
                -117.915164,
                34.031034
              ],
              [
                -117.915068,
                34.030885
              ],
              [
                -117.91701,
                34.025964
              ],
              [
                -117.914364,
                34.025382
              ],
              [
                -117.912174,
                34.026361
              ],
              [
                -117.911364,
                34.025093
              ],
              [
                -117.909883,
                34.01376
              ],
              [
                -117.890183,
                34.01367
              ],
              [
                -117.890312,
                34.012078
              ],
              [
                -117.889266,
                34.012835
              ],
              [
                -117.889139,
                34.013665
              ],
              [
                -117.886558,
                34.013653
              ],
              [
                -117.886908,
                34.010171
              ],
              [
                -117.884973,
                34.010009
              ],
              [
                -117.880059,
                34.011531
              ],
              [
                -117.88087,
                34.003945
              ],
              [
                -117.883118,
                34.004112
              ],
              [
                -117.882786,
                34.007269
              ],
              [
                -117.887185,
                34.007589
              ],
              [
                -117.8873,
                34.006532
              ],
              [
                -117.889678,
                34.00667
              ],
              [
                -117.890767,
                34.006397
              ],
              [
                -117.891033,
                34.003416
              ],
              [
                -117.879784,
                34.001753
              ],
              [
                -117.876101,
                34.00189
              ],
              [
                -117.872754,
                34.002556
              ],
              [
                -117.873856,
                34.003914
              ],
              [
                -117.873904,
                34.011615
              ],
              [
                -117.869329,
                34.01164
              ],
              [
                -117.867881,
                34.015694
              ],
              [
                -117.870625,
                34.017268
              ],
              [
                -117.874694,
                34.014084
              ],
              [
                -117.879055,
                34.011934
              ],
              [
                -117.880064,
                34.013419
              ],
              [
                -117.881571,
                34.012725
              ],
              [
                -117.882558,
                34.012823
              ],
              [
                -117.88315,
                34.013389
              ],
              [
                -117.884247,
                34.016372
              ],
              [
                -117.886847,
                34.015455
              ],
              [
                -117.891312,
                34.021738
              ],
              [
                -117.894746,
                34.025203
              ],
              [
                -117.895689,
                34.027556
              ],
              [
                -117.891825,
                34.028351
              ],
              [
                -117.889559,
                34.029626
              ],
              [
                -117.888921,
                34.043482
              ],
              [
                -117.884152,
                34.043681
              ],
              [
                -117.875169,
                34.048238
              ],
              [
                -117.871629,
                34.048317
              ],
              [
                -117.867024,
                34.046605
              ],
              [
                -117.863001,
                34.051702
              ],
              [
                -117.864362,
                34.052312
              ],
              [
                -117.8661,
                34.055266
              ],
              [
                -117.866769,
                34.054911
              ],
              [
                -117.869465,
                34.05493
              ],
              [
                -117.869254,
                34.056598
              ],
              [
                -117.870263,
                34.056576
              ],
              [
                -117.870258,
                34.056797
              ],
              [
                -117.871838,
                34.057396
              ],
              [
                -117.871078,
                34.058363
              ],
              [
                -117.870956,
                34.060029
              ],
              [
                -117.870011,
                34.059945
              ],
              [
                -117.869968,
                34.059238
              ],
              [
                -117.869175,
                34.059239
              ],
              [
                -117.869344,
                34.059893
              ],
              [
                -117.86852,
                34.062802
              ],
              [
                -117.868698,
                34.063567
              ],
              [
                -117.870658,
                34.066823
              ],
              [
                -117.871828,
                34.068056
              ],
              [
                -117.869958,
                34.068524
              ],
              [
                -117.86993,
                34.06836
              ],
              [
                -117.867722,
                34.068329
              ],
              [
                -117.864872,
                34.068995
              ],
              [
                -117.863693,
                34.06714
              ],
              [
                -117.862443,
                34.067796
              ],
              [
                -117.861818,
                34.067199
              ],
              [
                -117.861644,
                34.067417
              ],
              [
                -117.861329,
                34.066396
              ],
              [
                -117.860108,
                34.066062
              ],
              [
                -117.859001,
                34.066192
              ],
              [
                -117.857898,
                34.065699
              ],
              [
                -117.859087,
                34.068372
              ],
              [
                -117.856182,
                34.068408
              ],
              [
                -117.856281,
                34.068817
              ],
              [
                -117.857191,
                34.069072
              ],
              [
                -117.858081,
                34.07007
              ],
              [
                -117.858319,
                34.072583
              ],
              [
                -117.859861,
                34.072033
              ],
              [
                -117.860112,
                34.073732
              ],
              [
                -117.858761,
                34.073809
              ],
              [
                -117.858862,
                34.07447
              ],
              [
                -117.859157,
                34.074444
              ],
              [
                -117.85931,
                34.075464
              ],
              [
                -117.860442,
                34.075819
              ],
              [
                -117.860133,
                34.076161
              ],
              [
                -117.860298,
                34.078208
              ],
              [
                -117.86093,
                34.078594
              ],
              [
                -117.860478,
                34.078919
              ],
              [
                -117.860091,
                34.078684
              ],
              [
                -117.858691,
                34.079123
              ],
              [
                -117.859082,
                34.079477
              ],
              [
                -117.858834,
                34.079964
              ],
              [
                -117.859223,
                34.08024
              ],
              [
                -117.859049,
                34.080709
              ],
              [
                -117.857182,
                34.0807
              ],
              [
                -117.857186,
                34.081637
              ],
              [
                -117.852647,
                34.081647
              ],
              [
                -117.851921,
                34.080671
              ],
              [
                -117.853379,
                34.07921
              ],
              [
                -117.851434,
                34.077499
              ],
              [
                -117.851819,
                34.076784
              ],
              [
                -117.851204,
                34.076646
              ],
              [
                -117.85091,
                34.077262
              ],
              [
                -117.847167,
                34.075521
              ],
              [
                -117.844934,
                34.077878
              ],
              [
                -117.843849,
                34.077863
              ],
              [
                -117.843341,
                34.078328
              ],
              [
                -117.844057,
                34.078801
              ],
              [
                -117.841873,
                34.080931
              ],
              [
                -117.844589,
                34.082076
              ],
              [
                -117.849709,
                34.08245
              ],
              [
                -117.849819,
                34.082662
              ],
              [
                -117.853412,
                34.082652
              ],
              [
                -117.853922,
                34.08363
              ],
              [
                -117.853436,
                34.084384
              ],
              [
                -117.853434,
                34.08614
              ],
              [
                -117.851143,
                34.086208
              ],
              [
                -117.851154,
                34.087685
              ],
              [
                -117.849993,
                34.08769
              ],
              [
                -117.849991,
                34.088179
              ],
              [
                -117.851161,
                34.088177
              ],
              [
                -117.851167,
                34.090587
              ],
              [
                -117.850006,
                34.091175
              ],
              [
                -117.850005,
                34.090922
              ],
              [
                -117.849461,
                34.091199
              ],
              [
                -117.849286,
                34.090957
              ],
              [
                -117.849279,
                34.090554
              ],
              [
                -117.850003,
                34.090549
              ],
              [
                -117.849999,
                34.089896
              ],
              [
                -117.849272,
                34.0899
              ],
              [
                -117.849269,
                34.089114
              ],
              [
                -117.849913,
                34.089109
              ],
              [
                -117.849907,
                34.087928
              ],
              [
                -117.84724,
                34.089275
              ],
              [
                -117.847671,
                34.089507
              ],
              [
                -117.846838,
                34.090456
              ],
              [
                -117.847572,
                34.092164
              ],
              [
                -117.846471,
                34.092739
              ],
              [
                -117.846463,
                34.093077
              ],
              [
                -117.84696,
                34.092829
              ],
              [
                -117.846964,
                34.093569
              ],
              [
                -117.848135,
                34.093568
              ],
              [
                -117.848122,
                34.092141
              ],
              [
                -117.849846,
                34.091257
              ],
              [
                -117.849867,
                34.093843
              ],
              [
                -117.848137,
                34.09384
              ],
              [
                -117.848139,
                34.094656
              ],
              [
                -117.846465,
                34.094658
              ],
              [
                -117.846456,
                34.095888
              ],
              [
                -117.84475,
                34.095912
              ],
              [
                -117.844743,
                34.094647
              ],
              [
                -117.845443,
                34.094647
              ],
              [
                -117.845442,
                34.093388
              ],
              [
                -117.84072,
                34.0958
              ],
              [
                -117.844199,
                34.095802
              ],
              [
                -117.844183,
                34.099314
              ],
              [
                -117.848634,
                34.099342
              ],
              [
                -117.845069,
                34.10064
              ],
              [
                -117.845062,
                34.101746
              ],
              [
                -117.846461,
                34.101746
              ],
              [
                -117.846461,
                34.102969
              ],
              [
                -117.84796,
                34.102969
              ],
              [
                -117.847952,
                34.104183
              ],
              [
                -117.846956,
                34.104178
              ],
              [
                -117.846956,
                34.104774
              ],
              [
                -117.846495,
                34.104859
              ],
              [
                -117.848546,
                34.104865
              ],
              [
                -117.848542,
                34.102969
              ],
              [
                -117.852498,
                34.102941
              ],
              [
                -117.852493,
                34.102597
              ],
              [
                -117.852896,
                34.102597
              ],
              [
                -117.852896,
                34.102941
              ],
              [
                -117.85497,
                34.102925
              ],
              [
                -117.854984,
                34.102055
              ],
              [
                -117.854604,
                34.101992
              ],
              [
                -117.854607,
                34.101484
              ],
              [
                -117.854985,
                34.101485
              ],
              [
                -117.854984,
                34.09761
              ],
              [
                -117.856226,
                34.097619
              ],
              [
                -117.856218,
                34.099337
              ],
              [
                -117.861614,
                34.099336
              ],
              [
                -117.86162,
                34.103165
              ],
              [
                -117.865979,
                34.103275
              ],
              [
                -117.865982,
                34.101225
              ],
              [
                -117.868157,
                34.101233
              ],
              [
                -117.868157,
                34.099345
              ],
              [
                -117.870196,
                34.099345
              ],
              [
                -117.870346,
                34.094799
              ],
              [
                -117.872658,
                34.094807
              ],
              [
                -117.872654,
                34.094037
              ],
              [
                -117.872968,
                34.094038
              ],
              [
                -117.872969,
                34.093843
              ],
              [
                -117.876283,
                34.093854
              ],
              [
                -117.876284,
                34.095619
              ],
              [
                -117.872445,
                34.095619
              ],
              [
                -117.872454,
                34.096479
              ],
              [
                -117.871599,
                34.096476
              ],
              [
                -117.871602,
                34.097355
              ],
              [
                -117.87245,
                34.097358
              ],
              [
                -117.872458,
                34.098713
              ],
              [
                -117.871606,
                34.09871
              ],
              [
                -117.871674,
                34.099902
              ],
              [
                -117.871476,
                34.099902
              ],
              [
                -117.871477,
                34.100249
              ],
              [
                -117.872578,
                34.10025
              ],
              [
                -117.872575,
                34.09948
              ],
              [
                -117.877166,
                34.099477
              ],
              [
                -117.877227,
                34.102995
              ],
              [
                -117.872425,
                34.10294
              ],
              [
                -117.872425,
                34.104865
              ],
              [
                -117.87035,
                34.104859
              ],
              [
                -117.870542,
                34.103875
              ],
              [
                -117.870349,
                34.103875
              ],
              [
                -117.870348,
                34.103056
              ],
              [
                -117.869261,
                34.103052
              ],
              [
                -117.869267,
                34.104611
              ],
              [
                -117.868158,
                34.104611
              ],
              [
                -117.868159,
                34.105737
              ],
              [
                -117.869237,
                34.105736
              ],
              [
                -117.86924,
                34.106574
              ],
              [
                -117.861619,
                34.10682
              ],
              [
                -117.837551,
                34.106811
              ],
              [
                -117.837629,
                34.113838
              ],
              [
                -117.828821,
                34.113831
              ],
              [
                -117.828816,
                34.114471
              ],
              [
                -117.826927,
                34.114469
              ],
              [
                -117.826584,
                34.114029
              ],
              [
                -117.825474,
                34.114002
              ],
              [
                -117.825472,
                34.115732
              ],
              [
                -117.824878,
                34.11573
              ],
              [
                -117.825031,
                34.117428
              ],
              [
                -117.824558,
                34.117425
              ],
              [
                -117.82457,
                34.115743
              ],
              [
                -117.822378,
                34.115734
              ],
              [
                -117.822378,
                34.117464
              ],
              [
                -117.820096,
                34.11746
              ],
              [
                -117.820105,
                34.126826
              ],
              [
                -117.811818,
                34.125361
              ],
              [
                -117.811502,
                34.157836
              ],
              [
                -117.802777,
                34.15781
              ],
              [
                -117.802726,
                34.165132
              ],
              [
                -117.79386,
                34.165151
              ],
              [
                -117.79433,
                34.179664
              ],
              [
                -117.844723,
                34.179404
              ],
              [
                -117.844717,
                34.17759
              ],
              [
                -117.846828,
                34.177572
              ],
              [
                -117.8466,
                34.172218
              ],
              [
                -117.837855,
                34.172246
              ],
              [
                -117.837536,
                34.161542
              ],
              [
                -117.825657,
                34.161565
              ],
              [
                -117.8257,
                34.159962
              ],
              [
                -117.827458,
                34.159207
              ],
              [
                -117.829254,
                34.158081
              ],
              [
                -117.830406,
                34.157524
              ],
              [
                -117.832156,
                34.157278
              ],
              [
                -117.834284,
                34.156341
              ],
              [
                -117.836742,
                34.155769
              ],
              [
                -117.838466,
                34.159718
              ],
              [
                -117.838726,
                34.16197
              ],
              [
                -117.839134,
                34.162785
              ],
              [
                -117.839715,
                34.162784
              ],
              [
                -117.839728,
                34.16144
              ],
              [
                -117.84192,
                34.161439
              ],
              [
                -117.841875,
                34.157827
              ],
              [
                -117.846264,
                34.157826
              ],
              [
                -117.846294,
                34.165034
              ],
              [
                -117.850681,
                34.165028
              ],
              [
                -117.851059,
                34.17935
              ],
              [
                -117.864599,
                34.179216
              ],
              [
                -117.864102,
                34.172141
              ],
              [
                -117.88154,
                34.172107
              ],
              [
                -117.881257,
                34.165098
              ],
              [
                -117.885652,
                34.165106
              ],
              [
                -117.88565,
                34.160183
              ],
              [
                -117.890043,
                34.16017
              ],
              [
                -117.890051,
                34.165115
              ],
              [
                -117.898798,
                34.165123
              ],
              [
                -117.89878,
                34.168493
              ],
              [
                -117.907529,
                34.168524
              ],
              [
                -117.907547,
                34.165143
              ],
              [
                -117.923772,
                34.165303
              ],
              [
                -117.92452,
                34.193981
              ],
              [
                -117.924769,
                34.194609
              ],
              [
                -117.925283,
                34.194921
              ],
              [
                -117.995089,
                34.19532
              ],
              [
                -118.021386,
                34.19494
              ],
              [
                -118.02203,
                34.194696
              ],
              [
                -118.02238,
                34.193939
              ],
              [
                -118.022369,
                34.179435
              ],
              [
                -118.029139,
                34.179407
              ],
              [
                -118.029494,
                34.180162
              ],
              [
                -118.030144,
                34.180402
              ],
              [
                -118.065649,
                34.18033
              ],
              [
                -118.066298,
                34.180087
              ],
              [
                -118.06662,
                34.179559
              ],
              [
                -118.066639,
                34.17672
              ],
              [
                -118.067389,
                34.177166
              ],
              [
                -118.070874,
                34.177172
              ],
              [
                -118.071063,
                34.178111
              ],
              [
                -118.072149,
                34.178843
              ],
              [
                -118.073546,
                34.178609
              ],
              [
                -118.073921,
                34.177446
              ],
              [
                -118.075593,
                34.178241
              ],
              [
                -118.077598,
                34.17863
              ],
              [
                -118.078517,
                34.178036
              ],
              [
                -118.079036,
                34.177361
              ],
              [
                -118.078794,
                34.175548
              ],
              [
                -118.078912,
                34.174758
              ],
              [
                -118.081315,
                34.174556
              ],
              [
                -118.082561,
                34.174174
              ],
              [
                -118.083309,
                34.172846
              ],
              [
                -118.083374,
                34.172179
              ],
              [
                -118.084413,
                34.17097
              ],
              [
                -118.084159,
                34.169604
              ],
              [
                -118.086455,
                34.168445
              ],
              [
                -118.087331,
                34.169318
              ],
              [
                -118.087957,
                34.171161
              ],
              [
                -118.091226,
                34.173249
              ],
              [
                -118.091836,
                34.174337
              ],
              [
                -118.091812,
                34.174651
              ],
              [
                -118.091023,
                34.175185
              ],
              [
                -118.090813,
                34.175758
              ],
              [
                -118.090914,
                34.176402
              ],
              [
                -118.089492,
                34.17853
              ],
              [
                -118.089705,
                34.179518
              ],
              [
                -118.090447,
                34.179843
              ],
              [
                -118.096427,
                34.179844
              ],
              [
                -118.095985,
                34.180445
              ],
              [
                -118.096059,
                34.181437
              ],
              [
                -118.099374,
                34.186058
              ],
              [
                -118.099561,
                34.197228
              ],
              [
                -118.100167,
                34.197784
              ],
              [
                -118.105937,
                34.206679
              ],
              [
                -118.117634,
                34.210308
              ],
              [
                -118.165132,
                34.210407
              ],
              [
                -118.165477,
                34.210889
              ],
              [
                -118.163984,
                34.212419
              ],
              [
                -118.163825,
                34.213345
              ],
              [
                -118.16248,
                34.2149
              ],
              [
                -118.162509,
                34.215629
              ],
              [
                -118.163027,
                34.216143
              ],
              [
                -118.170212,
                34.216429
              ],
              [
                -118.177779,
                34.216372
              ],
              [
                -118.178094,
                34.222631
              ],
              [
                -118.178458,
                34.223352
              ],
              [
                -118.179085,
                34.223582
              ],
              [
                -118.18172,
                34.223602
              ],
              [
                -118.182537,
                34.22417
              ],
              [
                -118.185973,
                34.224189
              ],
              [
                -118.185773,
                34.235947
              ],
              [
                -118.185888,
                34.25069
              ],
              [
                -118.186,
                34.251945
              ],
              [
                -118.186688,
                34.252514
              ],
              [
                -118.195287,
                34.252501
              ],
              [
                -118.196128,
                34.252029
              ],
              [
                -118.1965,
                34.237672
              ],
              [
                -118.204202,
                34.23823
              ],
              [
                -118.217475,
                34.238451
              ],
              [
                -118.218046,
                34.238229
              ],
              [
                -118.218379,
                34.237714
              ],
              [
                -118.218482,
                34.234872
              ],
              [
                -118.22087,
                34.23491
              ],
              [
                -118.220749,
                34.243091
              ],
              [
                -118.221596,
                34.243726
              ],
              [
                -118.222818,
                34.24373
              ],
              [
                -118.223427,
                34.243455
              ],
              [
                -118.223863,
                34.242812
              ],
              [
                -118.224665,
                34.242296
              ],
              [
                -118.224724,
                34.241225
              ],
              [
                -118.225597,
                34.240346
              ],
              [
                -118.225913,
                34.237905
              ],
              [
                -118.227023,
                34.236761
              ],
              [
                -118.227248,
                34.235803
              ],
              [
                -118.227834,
                34.234888
              ],
              [
                -118.228602,
                34.234412
              ],
              [
                -118.228903,
                34.233878
              ],
              [
                -118.228979,
                34.233134
              ],
              [
                -118.228381,
                34.232372
              ],
              [
                -118.228396,
                34.230384
              ],
              [
                -118.228001,
                34.229411
              ],
              [
                -118.228601,
                34.228845
              ],
              [
                -118.228753,
                34.227546
              ],
              [
                -118.22832,
                34.22627
              ],
              [
                -118.227908,
                34.22582
              ],
              [
                -118.227937,
                34.22481
              ],
              [
                -118.2294,
                34.222739
              ],
              [
                -118.229559,
                34.221973
              ],
              [
                -118.230257,
                34.221594
              ],
              [
                -118.230736,
                34.220685
              ],
              [
                -118.232668,
                34.218954
              ],
              [
                -118.232948,
                34.218209
              ],
              [
                -118.232651,
                34.217545
              ],
              [
                -118.231164,
                34.216337
              ],
              [
                -118.22984,
                34.216273
              ],
              [
                -118.229205,
                34.215783
              ],
              [
                -118.228164,
                34.215884
              ],
              [
                -118.227362,
                34.215499
              ],
              [
                -118.227344,
                34.213992
              ],
              [
                -118.226638,
                34.213133
              ],
              [
                -118.223014,
                34.212162
              ],
              [
                -118.223077,
                34.206944
              ],
              [
                -118.224624,
                34.206764
              ],
              [
                -118.225218,
                34.207363
              ],
              [
                -118.227673,
                34.207522
              ],
              [
                -118.229161,
                34.208099
              ],
              [
                -118.229725,
                34.208087
              ],
              [
                -118.230392,
                34.208583
              ],
              [
                -118.231214,
                34.20849
              ],
              [
                -118.231909,
                34.209266
              ],
              [
                -118.233187,
                34.209034
              ],
              [
                -118.234247,
                34.209697
              ],
              [
                -118.234302,
                34.213438
              ],
              [
                -118.236576,
                34.215051
              ],
              [
                -118.236855,
                34.216096
              ],
              [
                -118.238527,
                34.217161
              ],
              [
                -118.238492,
                34.217694
              ],
              [
                -118.238771,
                34.218199
              ],
              [
                -118.239795,
                34.218777
              ],
              [
                -118.24067,
                34.218498
              ],
              [
                -118.243345,
                34.220063
              ],
              [
                -118.243424,
                34.220804
              ],
              [
                -118.243824,
                34.221273
              ],
              [
                -118.247717,
                34.223025
              ],
              [
                -118.247589,
                34.242816
              ],
              [
                -118.246321,
                34.243306
              ],
              [
                -118.244946,
                34.245085
              ],
              [
                -118.243731,
                34.245004
              ],
              [
                -118.242568,
                34.246162
              ],
              [
                -118.242382,
                34.251296
              ],
              [
                -118.238519,
                34.251288
              ],
              [
                -118.237992,
                34.251602
              ],
              [
                -118.237749,
                34.252165
              ],
              [
                -118.237487,
                34.267044
              ],
              [
                -118.23783,
                34.267811
              ],
              [
                -118.238486,
                34.268061
              ],
              [
                -118.238457,
                34.281518
              ],
              [
                -118.273698,
                34.28197
              ],
              [
                -118.273813,
                34.278389
              ],
              [
                -118.28682,
                34.278492
              ],
              [
                -118.286308,
                34.292785
              ],
              [
                -118.29062,
                34.292841
              ],
              [
                -118.290622,
                34.293364
              ],
              [
                -118.299488,
                34.293353
              ],
              [
                -118.299524,
                34.286141
              ],
              [
                -118.326903,
                34.286062
              ],
              [
                -118.326825,
                34.282448
              ],
              [
                -118.351727,
                34.282472
              ],
              [
                -118.351736,
                34.278834
              ],
              [
                -118.354734,
                34.278849
              ],
              [
                -118.360516,
                34.27996
              ],
              [
                -118.361298,
                34.279733
              ],
              [
                -118.364278,
                34.280765
              ],
              [
                -118.367282,
                34.280589
              ],
              [
                -118.367421,
                34.280378
              ],
              [
                -118.368104,
                34.282052
              ],
              [
                -118.368899,
                34.283258
              ],
              [
                -118.369516,
                34.283463
              ],
              [
                -118.370178,
                34.281899
              ],
              [
                -118.371339,
                34.28234
              ],
              [
                -118.370537,
                34.283557
              ],
              [
                -118.370416,
                34.284665
              ],
              [
                -118.369812,
                34.286141
              ],
              [
                -118.373512,
                34.286151
              ],
              [
                -118.373531,
                34.28317
              ],
              [
                -118.37264,
                34.282832
              ],
              [
                -118.374675,
                34.282828
              ],
              [
                -118.3748,
                34.28366
              ],
              [
                -118.377114,
                34.283365
              ],
              [
                -118.38186,
                34.283897
              ],
              [
                -118.385765,
                34.284817
              ],
              [
                -118.384636,
                34.288162
              ],
              [
                -118.384635,
                34.289722
              ],
              [
                -118.386916,
                34.289722
              ],
              [
                -118.386911,
                34.291528
              ],
              [
                -118.382372,
                34.291525
              ],
              [
                -118.382371,
                34.293342
              ],
              [
                -118.382941,
                34.293343
              ],
              [
                -118.382867,
                34.296964
              ],
              [
                -118.38738,
                34.296971
              ],
              [
                -118.387385,
                34.298789
              ],
              [
                -118.393907,
                34.298797
              ],
              [
                -118.393928,
                34.29698
              ],
              [
                -118.396745,
                34.296984
              ],
              [
                -118.396969,
                34.293325
              ],
              [
                -118.399822,
                34.293404
              ],
              [
                -118.400258,
                34.292523
              ],
              [
                -118.400903,
                34.290149
              ],
              [
                -118.40082,
                34.288467
              ],
              [
                -118.401133,
                34.28845
              ],
              [
                -118.401588,
                34.286428
              ],
              [
                -118.406179,
                34.28593
              ],
              [
                -118.409392,
                34.289018
              ],
              [
                -118.41029,
                34.291074
              ],
              [
                -118.410349,
                34.291967
              ],
              [
                -118.408959,
                34.291809
              ],
              [
                -118.409073,
                34.293659
              ],
              [
                -118.403516,
                34.293508
              ],
              [
                -118.403436,
                34.297105
              ],
              [
                -118.401206,
                34.297065
              ],
              [
                -118.401053,
                34.300669
              ],
              [
                -118.405601,
                34.300726
              ],
              [
                -118.405464,
                34.307928
              ],
              [
                -118.403729,
                34.307947
              ],
              [
                -118.403534,
                34.309067
              ],
              [
                -118.404085,
                34.309134
              ],
              [
                -118.403859,
                34.310117
              ],
              [
                -118.403333,
                34.310102
              ],
              [
                -118.403024,
                34.309467
              ],
              [
                -118.402487,
                34.309506
              ],
              [
                -118.401845,
                34.309956
              ],
              [
                -118.400902,
                34.309762
              ],
              [
                -118.400739,
                34.316469
              ],
              [
                -118.399633,
                34.316451
              ],
              [
                -118.398275,
                34.317058
              ],
              [
                -118.397531,
                34.317
              ],
              [
                -118.396505,
                34.317399
              ],
              [
                -118.396497,
                34.318071
              ],
              [
                -118.396286,
                34.318069
              ],
              [
                -118.396265,
                34.31986
              ],
              [
                -118.400652,
                34.319546
              ],
              [
                -118.402721,
                34.321299
              ],
              [
                -118.404911,
                34.322077
              ],
              [
                -118.405209,
                34.329814
              ],
              [
                -118.41358,
                34.329886
              ],
              [
                -118.413587,
                34.327408
              ],
              [
                -118.412213,
                34.325912
              ],
              [
                -118.41359,
                34.325106
              ],
              [
                -118.41359,
                34.324692
              ],
              [
                -118.414352,
                34.324692
              ],
              [
                -118.414352,
                34.324461
              ],
              [
                -118.41589,
                34.324486
              ],
              [
                -118.419052,
                34.325656
              ],
              [
                -118.42075,
                34.325601
              ],
              [
                -118.420738,
                34.327723
              ],
              [
                -118.419455,
                34.327926
              ],
              [
                -118.418213,
                34.32949
              ],
              [
                -118.418639,
                34.329434
              ],
              [
                -118.419011,
                34.329882
              ],
              [
                -118.480099,
                34.330229
              ],
              [
                -118.492929,
                34.330771
              ],
              [
                -118.503811,
                34.337307
              ],
              [
                -118.534012,
                34.314531
              ],
              [
                -118.558635,
                34.320389
              ],
              [
                -118.558767,
                34.321542
              ],
              [
                -118.560304,
                34.322349
              ],
              [
                -118.563469,
                34.323045
              ],
              [
                -118.564721,
                34.322372
              ],
              [
                -118.565163,
                34.321851
              ],
              [
                -118.566114,
                34.321628
              ],
              [
                -118.568018,
                34.320452
              ],
              [
                -118.568541,
                34.319521
              ],
              [
                -118.569672,
                34.319361
              ],
              [
                -118.570564,
                34.319861
              ],
              [
                -118.571449,
                34.319965
              ],
              [
                -118.572507,
                34.320435
              ],
              [
                -118.572941,
                34.321154
              ],
              [
                -118.574524,
                34.321869
              ],
              [
                -118.575543,
                34.323399
              ],
              [
                -118.575639,
                34.32433
              ],
              [
                -118.576447,
                34.325519
              ],
              [
                -118.577187,
                34.325743
              ],
              [
                -118.579579,
                34.324851
              ],
              [
                -118.581111,
                34.325215
              ],
              [
                -118.583684,
                34.32431
              ],
              [
                -118.584313,
                34.324466
              ],
              [
                -118.586366,
                34.325716
              ],
              [
                -118.586315,
                34.326615
              ],
              [
                -118.587084,
                34.326938
              ],
              [
                -118.587288,
                34.327441
              ],
              [
                -118.587847,
                34.327604
              ],
              [
                -118.588517,
                34.327423
              ],
              [
                -118.589319,
                34.327763
              ],
              [
                -118.59032,
                34.327769
              ],
              [
                -118.591132,
                34.327457
              ],
              [
                -118.59206,
                34.327717
              ],
              [
                -118.653401,
                34.326003
              ],
              [
                -118.727786,
                34.476981
              ],
              [
                -118.729844,
                34.481514
              ],
              [
                -118.731118,
                34.483743
              ],
              [
                -118.768886,
                34.560582
              ],
              [
                -118.815341,
                34.65432
              ],
              [
                -118.873216,
                34.773836
              ],
              [
                -118.875185,
                34.77843
              ],
              [
                -118.875447,
                34.77843
              ],
              [
                -118.875513,
                34.779086
              ],
              [
                -118.876004,
                34.779577
              ],
              [
                -118.876169,
                34.780398
              ],
              [
                -118.877026,
                34.781683
              ],
              [
                -118.894541,
                34.817771
              ],
              [
                -118.880853,
                34.817781
              ],
              [
                -118.883798,
                34.814685
              ],
              [
                -118.884616,
                34.813227
              ]
            ],
            [
              [
                -118.053735,
                34.026761
              ],
              [
                -118.052105,
                34.02755
              ],
              [
                -118.054426,
                34.027862
              ],
              [
                -118.05591,
                34.030105
              ],
              [
                -118.056142,
                34.030054
              ],
              [
                -118.055496,
                34.027937
              ],
              [
                -118.055962,
                34.027806
              ],
              [
                -118.057773,
                34.024614
              ],
              [
                -118.054573,
                34.023355
              ],
              [
                -118.054065,
                34.024131
              ],
              [
                -118.053735,
                34.026761
              ]
            ]
          ],
          [
            [
              [
                -118.604991,
                33.478996
              ],
              [
                -118.603798,
                33.477907
              ],
              [
                -118.602102,
                33.477905
              ],
              [
                -118.601817,
                33.4773
              ],
              [
                -118.600904,
                33.477136
              ],
              [
                -118.600007,
                33.47764
              ],
              [
                -118.599684,
                33.47755
              ],
              [
                -118.599548,
                33.477835
              ],
              [
                -118.599249,
                33.477674
              ],
              [
                -118.599277,
                33.478028
              ],
              [
                -118.598867,
                33.477727
              ],
              [
                -118.598453,
                33.47797
              ],
              [
                -118.598052,
                33.477487
              ],
              [
                -118.597562,
                33.477543
              ],
              [
                -118.594875,
                33.476617
              ],
              [
                -118.594286,
                33.475808
              ],
              [
                -118.593395,
                33.475353
              ],
              [
                -118.591892,
                33.475401
              ],
              [
                -118.589321,
                33.475001
              ],
              [
                -118.588441,
                33.475205
              ],
              [
                -118.587897,
                33.475036
              ],
              [
                -118.587188,
                33.474301
              ],
              [
                -118.586291,
                33.474171
              ],
              [
                -118.586291,
                33.473841
              ],
              [
                -118.586008,
                33.473738
              ],
              [
                -118.585193,
                33.473832
              ],
              [
                -118.584755,
                33.474156
              ],
              [
                -118.584217,
                33.473987
              ],
              [
                -118.583833,
                33.474164
              ],
              [
                -118.583857,
                33.474384
              ],
              [
                -118.583615,
                33.474223
              ],
              [
                -118.58296,
                33.474578
              ],
              [
                -118.582233,
                33.47422
              ],
              [
                -118.58145,
                33.474401
              ],
              [
                -118.579401,
                33.475397
              ],
              [
                -118.578385,
                33.475222
              ],
              [
                -118.57669,
                33.474232
              ],
              [
                -118.57552,
                33.474703
              ],
              [
                -118.5754,
                33.474564
              ],
              [
                -118.575078,
                33.474918
              ],
              [
                -118.574807,
                33.474494
              ],
              [
                -118.574055,
                33.474561
              ],
              [
                -118.573714,
                33.474848
              ],
              [
                -118.571958,
                33.47442
              ],
              [
                -118.571002,
                33.47501
              ],
              [
                -118.569711,
                33.47528
              ],
              [
                -118.569651,
                33.475766
              ],
              [
                -118.569417,
                33.475844
              ],
              [
                -118.569265,
                33.475427
              ],
              [
                -118.568208,
                33.474712
              ],
              [
                -118.567988,
                33.474279
              ],
              [
                -118.567238,
                33.473897
              ],
              [
                -118.56667,
                33.474134
              ],
              [
                -118.566436,
                33.473572
              ],
              [
                -118.56413,
                33.473958
              ],
              [
                -118.563696,
                33.473738
              ],
              [
                -118.562374,
                33.473812
              ],
              [
                -118.561354,
                33.474209
              ],
              [
                -118.561177,
                33.473945
              ],
              [
                -118.560195,
                33.47377
              ],
              [
                -118.559117,
                33.473904
              ],
              [
                -118.558179,
                33.473233
              ],
              [
                -118.557606,
                33.473159
              ],
              [
                -118.557262,
                33.473288
              ],
              [
                -118.557396,
                33.473763
              ],
              [
                -118.557161,
                33.473545
              ],
              [
                -118.556897,
                33.473947
              ],
              [
                -118.556057,
                33.47387
              ],
              [
                -118.555853,
                33.474445
              ],
              [
                -118.556186,
                33.474597
              ],
              [
                -118.555865,
                33.474712
              ],
              [
                -118.555739,
                33.474458
              ],
              [
                -118.554516,
                33.474117
              ],
              [
                -118.553294,
                33.474302
              ],
              [
                -118.553061,
                33.473344
              ],
              [
                -118.552301,
                33.473559
              ],
              [
                -118.551791,
                33.473104
              ],
              [
                -118.550617,
                33.472888
              ],
              [
                -118.548038,
                33.473576
              ],
              [
                -118.547751,
                33.474365
              ],
              [
                -118.546596,
                33.474021
              ],
              [
                -118.54642,
                33.474601
              ],
              [
                -118.546673,
                33.47479
              ],
              [
                -118.546442,
                33.474978
              ],
              [
                -118.546127,
                33.47475
              ],
              [
                -118.545642,
                33.474829
              ],
              [
                -118.545516,
                33.474599
              ],
              [
                -118.545303,
                33.474725
              ],
              [
                -118.54501,
                33.474263
              ],
              [
                -118.543945,
                33.474301
              ],
              [
                -118.543734,
                33.474022
              ],
              [
                -118.543533,
                33.474712
              ],
              [
                -118.542735,
                33.474467
              ],
              [
                -118.541791,
                33.475474
              ],
              [
                -118.54146,
                33.475274
              ],
              [
                -118.541328,
                33.47549
              ],
              [
                -118.539637,
                33.47522
              ],
              [
                -118.539261,
                33.47585
              ],
              [
                -118.53835,
                33.4759
              ],
              [
                -118.538665,
                33.47673
              ],
              [
                -118.538445,
                33.477558
              ],
              [
                -118.537945,
                33.476883
              ],
              [
                -118.53637,
                33.475851
              ],
              [
                -118.535293,
                33.474096
              ],
              [
                -118.533869,
                33.47388
              ],
              [
                -118.53307,
                33.473354
              ],
              [
                -118.532585,
                33.472493
              ],
              [
                -118.532211,
                33.472368
              ],
              [
                -118.53214,
                33.471907
              ],
              [
                -118.531804,
                33.47174
              ],
              [
                -118.53217,
                33.471242
              ],
              [
                -118.531861,
                33.471023
              ],
              [
                -118.531725,
                33.470377
              ],
              [
                -118.531185,
                33.470078
              ],
              [
                -118.530901,
                33.470342
              ],
              [
                -118.53076,
                33.469958
              ],
              [
                -118.530373,
                33.469953
              ],
              [
                -118.53038,
                33.469568
              ],
              [
                -118.530743,
                33.469648
              ],
              [
                -118.531105,
                33.469156
              ],
              [
                -118.530944,
                33.468318
              ],
              [
                -118.530532,
                33.467821
              ],
              [
                -118.528096,
                33.466324
              ],
              [
                -118.52635,
                33.465972
              ],
              [
                -118.525303,
                33.465337
              ],
              [
                -118.52441,
                33.465326
              ],
              [
                -118.523863,
                33.4657
              ],
              [
                -118.523053,
                33.465766
              ],
              [
                -118.522152,
                33.465592
              ],
              [
                -118.522187,
                33.464289
              ],
              [
                -118.523181,
                33.4635
              ],
              [
                -118.522792,
                33.462383
              ],
              [
                -118.521759,
                33.461309
              ],
              [
                -118.519859,
                33.461313
              ],
              [
                -118.519672,
                33.460972
              ],
              [
                -118.51926,
                33.4611
              ],
              [
                -118.518333,
                33.460424
              ],
              [
                -118.518342,
                33.45903
              ],
              [
                -118.517886,
                33.45879
              ],
              [
                -118.516686,
                33.45877
              ],
              [
                -118.515767,
                33.457707
              ],
              [
                -118.515846,
                33.457116
              ],
              [
                -118.515535,
                33.457017
              ],
              [
                -118.515063,
                33.457292
              ],
              [
                -118.514751,
                33.456944
              ],
              [
                -118.512685,
                33.456378
              ],
              [
                -118.512118,
                33.455358
              ],
              [
                -118.511081,
                33.455731
              ],
              [
                -118.510458,
                33.45558
              ],
              [
                -118.510145,
                33.454993
              ],
              [
                -118.508832,
                33.455563
              ],
              [
                -118.508518,
                33.45468
              ],
              [
                -118.507689,
                33.454292
              ],
              [
                -118.507204,
                33.454386
              ],
              [
                -118.506648,
                33.454006
              ],
              [
                -118.505608,
                33.453912
              ],
              [
                -118.505553,
                33.453519
              ],
              [
                -118.504928,
                33.453172
              ],
              [
                -118.503867,
                33.45301
              ],
              [
                -118.502747,
                33.453282
              ],
              [
                -118.502254,
                33.452893
              ],
              [
                -118.501786,
                33.45325
              ],
              [
                -118.501556,
                33.453094
              ],
              [
                -118.501461,
                33.452711
              ],
              [
                -118.501767,
                33.452452
              ],
              [
                -118.502194,
                33.452467
              ],
              [
                -118.50305,
                33.452006
              ],
              [
                -118.503199,
                33.451631
              ],
              [
                -118.503006,
                33.451304
              ],
              [
                -118.503646,
                33.451145
              ],
              [
                -118.503576,
                33.450629
              ],
              [
                -118.5034,
                33.450345
              ],
              [
                -118.502397,
                33.450097
              ],
              [
                -118.502425,
                33.449826
              ],
              [
                -118.501182,
                33.449394
              ],
              [
                -118.499977,
                33.449616
              ],
              [
                -118.499635,
                33.449063
              ],
              [
                -118.499844,
                33.448249
              ],
              [
                -118.499593,
                33.447993
              ],
              [
                -118.501141,
                33.447622
              ],
              [
                -118.501303,
                33.446908
              ],
              [
                -118.50008,
                33.446868
              ],
              [
                -118.498233,
                33.445884
              ],
              [
                -118.498691,
                33.44451
              ],
              [
                -118.499341,
                33.444127
              ],
              [
                -118.499867,
                33.443413
              ],
              [
                -118.499034,
                33.442328
              ],
              [
                -118.498154,
                33.441703
              ],
              [
                -118.496214,
                33.441163
              ],
              [
                -118.493581,
                33.441162
              ],
              [
                -118.492453,
                33.441863
              ],
              [
                -118.491013,
                33.442187
              ],
              [
                -118.490879,
                33.442367
              ],
              [
                -118.491282,
                33.443017
              ],
              [
                -118.490932,
                33.443471
              ],
              [
                -118.490354,
                33.443339
              ],
              [
                -118.489557,
                33.444283
              ],
              [
                -118.488528,
                33.443921
              ],
              [
                -118.48811,
                33.444063
              ],
              [
                -118.488313,
                33.444467
              ],
              [
                -118.48799,
                33.444697
              ],
              [
                -118.487538,
                33.44427
              ],
              [
                -118.486741,
                33.444269
              ],
              [
                -118.486326,
                33.443987
              ],
              [
                -118.486271,
                33.444177
              ],
              [
                -118.486179,
                33.443908
              ],
              [
                -118.485833,
                33.44388
              ],
              [
                -118.485892,
                33.443441
              ],
              [
                -118.485564,
                33.443666
              ],
              [
                -118.485197,
                33.443494
              ],
              [
                -118.484497,
                33.443838
              ],
              [
                -118.483815,
                33.444546
              ],
              [
                -118.484088,
                33.444998
              ],
              [
                -118.483432,
                33.445094
              ],
              [
                -118.484761,
                33.445484
              ],
              [
                -118.485418,
                33.446247
              ],
              [
                -118.485132,
                33.44663
              ],
              [
                -118.483963,
                33.447054
              ],
              [
                -118.48404,
                33.447212
              ],
              [
                -118.483214,
                33.447273
              ],
              [
                -118.482107,
                33.447759
              ],
              [
                -118.479991,
                33.448027
              ],
              [
                -118.479901,
                33.447687
              ],
              [
                -118.479344,
                33.447674
              ],
              [
                -118.478223,
                33.448251
              ],
              [
                -118.477343,
                33.448308
              ],
              [
                -118.477039,
                33.447724
              ],
              [
                -118.476486,
                33.44745
              ],
              [
                -118.476706,
                33.446684
              ],
              [
                -118.475918,
                33.445642
              ],
              [
                -118.475811,
                33.444671
              ],
              [
                -118.474211,
                33.443867
              ],
              [
                -118.474006,
                33.443301
              ],
              [
                -118.473176,
                33.442683
              ],
              [
                -118.473024,
                33.442318
              ],
              [
                -118.471785,
                33.441958
              ],
              [
                -118.471734,
                33.44218
              ],
              [
                -118.471548,
                33.441985
              ],
              [
                -118.470809,
                33.442084
              ],
              [
                -118.469334,
                33.442544
              ],
              [
                -118.466905,
                33.441687
              ],
              [
                -118.465905,
                33.4409
              ],
              [
                -118.465022,
                33.440562
              ],
              [
                -118.462741,
                33.440444
              ],
              [
                -118.462035,
                33.439612
              ],
              [
                -118.461352,
                33.438039
              ],
              [
                -118.460744,
                33.437427
              ],
              [
                -118.459266,
                33.436799
              ],
              [
                -118.458021,
                33.436569
              ],
              [
                -118.456209,
                33.434957
              ],
              [
                -118.455336,
                33.434787
              ],
              [
                -118.455416,
                33.434516
              ],
              [
                -118.454922,
                33.433865
              ],
              [
                -118.453989,
                33.433284
              ],
              [
                -118.450981,
                33.43266
              ],
              [
                -118.449583,
                33.432607
              ],
              [
                -118.447844,
                33.430215
              ],
              [
                -118.444942,
                33.428528
              ],
              [
                -118.442661,
                33.427962
              ],
              [
                -118.440672,
                33.428436
              ],
              [
                -118.440376,
                33.428771
              ],
              [
                -118.440223,
                33.428449
              ],
              [
                -118.438537,
                33.428831
              ],
              [
                -118.438176,
                33.428712
              ],
              [
                -118.438166,
                33.428922
              ],
              [
                -118.436546,
                33.428556
              ],
              [
                -118.435361,
                33.427818
              ],
              [
                -118.43476,
                33.426568
              ],
              [
                -118.433855,
                33.426303
              ],
              [
                -118.432608,
                33.426357
              ],
              [
                -118.430707,
                33.427601
              ],
              [
                -118.428772,
                33.427975
              ],
              [
                -118.428391,
                33.427932
              ],
              [
                -118.427923,
                33.427438
              ],
              [
                -118.427403,
                33.427607
              ],
              [
                -118.426295,
                33.426971
              ],
              [
                -118.426276,
                33.426766
              ],
              [
                -118.425766,
                33.426654
              ],
              [
                -118.424848,
                33.42677
              ],
              [
                -118.424264,
                33.427277
              ],
              [
                -118.423474,
                33.426937
              ],
              [
                -118.423368,
                33.427117
              ],
              [
                -118.422821,
                33.42688
              ],
              [
                -118.421943,
                33.426992
              ],
              [
                -118.421511,
                33.426699
              ],
              [
                -118.420948,
                33.426978
              ],
              [
                -118.42086,
                33.426552
              ],
              [
                -118.419978,
                33.426281
              ],
              [
                -118.419644,
                33.425947
              ],
              [
                -118.419153,
                33.426017
              ],
              [
                -118.418266,
                33.425708
              ],
              [
                -118.417917,
                33.425283
              ],
              [
                -118.417489,
                33.425325
              ],
              [
                -118.417214,
                33.424858
              ],
              [
                -118.416896,
                33.424825
              ],
              [
                -118.417005,
                33.424215
              ],
              [
                -118.416629,
                33.424272
              ],
              [
                -118.41655,
                33.423956
              ],
              [
                -118.416227,
                33.423856
              ],
              [
                -118.415762,
                33.424079
              ],
              [
                -118.415416,
                33.42321
              ],
              [
                -118.414032,
                33.423295
              ],
              [
                -118.413528,
                33.42261
              ],
              [
                -118.412347,
                33.42224
              ],
              [
                -118.411623,
                33.422321
              ],
              [
                -118.410347,
                33.421553
              ],
              [
                -118.409313,
                33.421534
              ],
              [
                -118.408247,
                33.421056
              ],
              [
                -118.405412,
                33.421794
              ],
              [
                -118.405249,
                33.421424
              ],
              [
                -118.405439,
                33.420429
              ],
              [
                -118.404594,
                33.419753
              ],
              [
                -118.403078,
                33.41934
              ],
              [
                -118.402209,
                33.418726
              ],
              [
                -118.401178,
                33.418822
              ],
              [
                -118.399867,
                33.418373
              ],
              [
                -118.399348,
                33.418471
              ],
              [
                -118.398973,
                33.418165
              ],
              [
                -118.39839,
                33.4183
              ],
              [
                -118.398395,
                33.417794
              ],
              [
                -118.39761,
                33.417224
              ],
              [
                -118.397385,
                33.416533
              ],
              [
                -118.396806,
                33.416219
              ],
              [
                -118.396508,
                33.416306
              ],
              [
                -118.39614,
                33.415952
              ],
              [
                -118.394549,
                33.416154
              ],
              [
                -118.394193,
                33.416354
              ],
              [
                -118.394024,
                33.416844
              ],
              [
                -118.393046,
                33.417088
              ],
              [
                -118.392172,
                33.417003
              ],
              [
                -118.391709,
                33.417398
              ],
              [
                -118.391492,
                33.417194
              ],
              [
                -118.389152,
                33.417624
              ],
              [
                -118.388886,
                33.417248
              ],
              [
                -118.388523,
                33.417228
              ],
              [
                -118.388592,
                33.416623
              ],
              [
                -118.386034,
                33.413746
              ],
              [
                -118.384306,
                33.41258
              ],
              [
                -118.38327,
                33.410961
              ],
              [
                -118.383222,
                33.41053
              ],
              [
                -118.382038,
                33.409735
              ],
              [
                -118.380768,
                33.409554
              ],
              [
                -118.378224,
                33.409666
              ],
              [
                -118.375835,
                33.410305
              ],
              [
                -118.374027,
                33.409988
              ],
              [
                -118.373058,
                33.410112
              ],
              [
                -118.371041,
                33.409448
              ],
              [
                -118.370815,
                33.409144
              ],
              [
                -118.370495,
                33.409192
              ],
              [
                -118.370124,
                33.408704
              ],
              [
                -118.369644,
                33.408535
              ],
              [
                -118.369566,
                33.407627
              ],
              [
                -118.369042,
                33.407142
              ],
              [
                -118.367609,
                33.406572
              ],
              [
                -118.366659,
                33.406577
              ],
              [
                -118.366291,
                33.406247
              ],
              [
                -118.367135,
                33.406135
              ],
              [
                -118.367288,
                33.405593
              ],
              [
                -118.368902,
                33.405378
              ],
              [
                -118.369005,
                33.403942
              ],
              [
                -118.367785,
                33.402726
              ],
              [
                -118.367651,
                33.401468
              ],
              [
                -118.367083,
                33.400615
              ],
              [
                -118.367605,
                33.400116
              ],
              [
                -118.367388,
                33.399593
              ],
              [
                -118.367815,
                33.399322
              ],
              [
                -118.367638,
                33.399081
              ],
              [
                -118.368241,
                33.399027
              ],
              [
                -118.368644,
                33.398508
              ],
              [
                -118.368528,
                33.398334
              ],
              [
                -118.368913,
                33.39844
              ],
              [
                -118.369714,
                33.39763
              ],
              [
                -118.370294,
                33.395972
              ],
              [
                -118.370259,
                33.395709
              ],
              [
                -118.369913,
                33.395676
              ],
              [
                -118.370155,
                33.395541
              ],
              [
                -118.370032,
                33.395143
              ],
              [
                -118.369304,
                33.395146
              ],
              [
                -118.3695,
                33.394739
              ],
              [
                -118.369117,
                33.394595
              ],
              [
                -118.369917,
                33.394668
              ],
              [
                -118.370076,
                33.394408
              ],
              [
                -118.369803,
                33.391611
              ],
              [
                -118.369211,
                33.390829
              ],
              [
                -118.368756,
                33.391109
              ],
              [
                -118.368451,
                33.39099
              ],
              [
                -118.368343,
                33.390195
              ],
              [
                -118.368606,
                33.389846
              ],
              [
                -118.368107,
                33.389466
              ],
              [
                -118.36825,
                33.389158
              ],
              [
                -118.366906,
                33.38816
              ],
              [
                -118.364895,
                33.388102
              ],
              [
                -118.363421,
                33.386247
              ],
              [
                -118.362325,
                33.385372
              ],
              [
                -118.361881,
                33.384587
              ],
              [
                -118.360155,
                33.383096
              ],
              [
                -118.359814,
                33.383062
              ],
              [
                -118.359654,
                33.382559
              ],
              [
                -118.358836,
                33.381993
              ],
              [
                -118.357479,
                33.37971
              ],
              [
                -118.356738,
                33.379011
              ],
              [
                -118.356521,
                33.378483
              ],
              [
                -118.356283,
                33.378465
              ],
              [
                -118.356487,
                33.377953
              ],
              [
                -118.3562,
                33.377495
              ],
              [
                -118.354974,
                33.37689
              ],
              [
                -118.354718,
                33.375511
              ],
              [
                -118.352431,
                33.373968
              ],
              [
                -118.351635,
                33.373732
              ],
              [
                -118.351368,
                33.373996
              ],
              [
                -118.349992,
                33.372357
              ],
              [
                -118.349915,
                33.371406
              ],
              [
                -118.349657,
                33.370987
              ],
              [
                -118.348283,
                33.370102
              ],
              [
                -118.347296,
                33.370011
              ],
              [
                -118.34635,
                33.369267
              ],
              [
                -118.342002,
                33.364939
              ],
              [
                -118.340017,
                33.363926
              ],
              [
                -118.337029,
                33.361657
              ],
              [
                -118.335601,
                33.361211
              ],
              [
                -118.335476,
                33.360947
              ],
              [
                -118.33422,
                33.360408
              ],
              [
                -118.332716,
                33.35923
              ],
              [
                -118.330784,
                33.356795
              ],
              [
                -118.330817,
                33.355899
              ],
              [
                -118.328613,
                33.3583
              ],
              [
                -118.315456,
                33.342164
              ],
              [
                -118.315726,
                33.34188
              ],
              [
                -118.313148,
                33.338265
              ],
              [
                -118.310844,
                33.336545
              ],
              [
                -118.310101,
                33.334094
              ],
              [
                -118.308894,
                33.332853
              ],
              [
                -118.308742,
                33.332502
              ],
              [
                -118.308937,
                33.332171
              ],
              [
                -118.307634,
                33.330127
              ],
              [
                -118.307433,
                33.32756
              ],
              [
                -118.3063,
                33.324477
              ],
              [
                -118.306071,
                33.322964
              ],
              [
                -118.303927,
                33.320946
              ],
              [
                -118.30361,
                33.320363
              ],
              [
                -118.303927,
                33.318286
              ],
              [
                -118.303627,
                33.317704
              ],
              [
                -118.303685,
                33.317103
              ],
              [
                -118.304648,
                33.311869
              ],
              [
                -118.304675,
                33.310088
              ],
              [
                -118.305291,
                33.308321
              ],
              [
                -118.307075,
                33.307498
              ],
              [
                -118.307068,
                33.307278
              ],
              [
                -118.307298,
                33.30743
              ],
              [
                -118.309133,
                33.306879
              ],
              [
                -118.311792,
                33.30573
              ],
              [
                -118.313241,
                33.304357
              ],
              [
                -118.313547,
                33.303565
              ],
              [
                -118.314403,
                33.302565
              ],
              [
                -118.315476,
                33.302309
              ],
              [
                -118.316758,
                33.301282
              ],
              [
                -118.320358,
                33.301021
              ],
              [
                -118.321032,
                33.300314
              ],
              [
                -118.322606,
                33.299999
              ],
              [
                -118.322861,
                33.299735
              ],
              [
                -118.324945,
                33.299456
              ],
              [
                -118.325498,
                33.29897
              ],
              [
                -118.326845,
                33.29906
              ],
              [
                -118.329737,
                33.300076
              ],
              [
                -118.331764,
                33.301356
              ],
              [
                -118.334409,
                33.301628
              ],
              [
                -118.337234,
                33.302852
              ],
              [
                -118.338195,
                33.302949
              ],
              [
                -118.340042,
                33.303683
              ],
              [
                -118.341038,
                33.303664
              ],
              [
                -118.344545,
                33.306323
              ],
              [
                -118.345779,
                33.307543
              ],
              [
                -118.34704,
                33.308233
              ],
              [
                -118.349137,
                33.308542
              ],
              [
                -118.351544,
                33.311105
              ],
              [
                -118.355464,
                33.314283
              ],
              [
                -118.360246,
                33.315573
              ],
              [
                -118.364165,
                33.315845
              ],
              [
                -118.365846,
                33.31672
              ],
              [
                -118.37005,
                33.318049
              ],
              [
                -118.371958,
                33.319162
              ],
              [
                -118.374127,
                33.320015
              ],
              [
                -118.376674,
                33.320238
              ],
              [
                -118.378777,
                33.320815
              ],
              [
                -118.37917,
                33.320613
              ],
              [
                -118.3819,
                33.320892
              ],
              [
                -118.382497,
                33.320698
              ],
              [
                -118.385113,
                33.321061
              ],
              [
                -118.385667,
                33.320362
              ],
              [
                -118.385651,
                33.320615
              ],
              [
                -118.386115,
                33.320698
              ],
              [
                -118.388831,
                33.320359
              ],
              [
                -118.389438,
                33.320651
              ],
              [
                -118.391702,
                33.320672
              ],
              [
                -118.392725,
                33.319613
              ],
              [
                -118.393613,
                33.319516
              ],
              [
                -118.394881,
                33.320279
              ],
              [
                -118.395538,
                33.320111
              ],
              [
                -118.395586,
                33.320279
              ],
              [
                -118.396211,
                33.320259
              ],
              [
                -118.397084,
                33.319646
              ],
              [
                -118.397847,
                33.320125
              ],
              [
                -118.398942,
                33.319897
              ],
              [
                -118.399421,
                33.320071
              ],
              [
                -118.399433,
                33.320324
              ],
              [
                -118.399906,
                33.320226
              ],
              [
                -118.401267,
                33.320687
              ],
              [
                -118.404421,
                33.321102
              ],
              [
                -118.407209,
                33.321109
              ],
              [
                -118.410138,
                33.320751
              ],
              [
                -118.411348,
                33.320247
              ],
              [
                -118.412671,
                33.320227
              ],
              [
                -118.413542,
                33.319872
              ],
              [
                -118.416015,
                33.319553
              ],
              [
                -118.417216,
                33.318744
              ],
              [
                -118.420514,
                33.317735
              ],
              [
                -118.421555,
                33.317052
              ],
              [
                -118.422387,
                33.316911
              ],
              [
                -118.422789,
                33.316969
              ],
              [
                -118.424088,
                33.317919
              ],
              [
                -118.424997,
                33.31818
              ],
              [
                -118.426384,
                33.318118
              ],
              [
                -118.427947,
                33.318973
              ],
              [
                -118.431298,
                33.318936
              ],
              [
                -118.433483,
                33.319625
              ],
              [
                -118.434131,
                33.319577
              ],
              [
                -118.4343,
                33.31935
              ],
              [
                -118.434393,
                33.319557
              ],
              [
                -118.434979,
                33.319493
              ],
              [
                -118.439104,
                33.318543
              ],
              [
                -118.440779,
                33.318556
              ],
              [
                -118.441447,
                33.318685
              ],
              [
                -118.441796,
                33.319148
              ],
              [
                -118.442055,
                33.318989
              ],
              [
                -118.441902,
                33.319255
              ],
              [
                -118.442084,
                33.319229
              ],
              [
                -118.442636,
                33.320053
              ],
              [
                -118.444318,
                33.320888
              ],
              [
                -118.447696,
                33.320361
              ],
              [
                -118.450894,
                33.320654
              ],
              [
                -118.450798,
                33.320915
              ],
              [
                -118.451338,
                33.32119
              ],
              [
                -118.45343,
                33.321376
              ],
              [
                -118.457547,
                33.322325
              ],
              [
                -118.459522,
                33.32399
              ],
              [
                -118.460247,
                33.323838
              ],
              [
                -118.460308,
                33.324257
              ],
              [
                -118.460687,
                33.324565
              ],
              [
                -118.462005,
                33.324697
              ],
              [
                -118.463187,
                33.325115
              ],
              [
                -118.463725,
                33.32581
              ],
              [
                -118.464064,
                33.325876
              ],
              [
                -118.464564,
                33.325556
              ],
              [
                -118.464802,
                33.325922
              ],
              [
                -118.465565,
                33.326119
              ],
              [
                -118.465291,
                33.326172
              ],
              [
                -118.465467,
                33.32648
              ],
              [
                -118.465029,
                33.327095
              ],
              [
                -118.465221,
                33.327742
              ],
              [
                -118.465987,
                33.328078
              ],
              [
                -118.466247,
                33.328439
              ],
              [
                -118.467344,
                33.328702
              ],
              [
                -118.467384,
                33.328994
              ],
              [
                -118.466916,
                33.32968
              ],
              [
                -118.467106,
                33.330433
              ],
              [
                -118.468949,
                33.331334
              ],
              [
                -118.469188,
                33.331647
              ],
              [
                -118.46992,
                33.331686
              ],
              [
                -118.472169,
                33.3326
              ],
              [
                -118.471667,
                33.3333
              ],
              [
                -118.472891,
                33.333885
              ],
              [
                -118.472572,
                33.335141
              ],
              [
                -118.472704,
                33.335362
              ],
              [
                -118.472332,
                33.335477
              ],
              [
                -118.472858,
                33.336783
              ],
              [
                -118.473416,
                33.337344
              ],
              [
                -118.474249,
                33.337704
              ],
              [
                -118.475398,
                33.339162
              ],
              [
                -118.476474,
                33.339305
              ],
              [
                -118.476705,
                33.338835
              ],
              [
                -118.4775,
                33.339142
              ],
              [
                -118.477097,
                33.339462
              ],
              [
                -118.477331,
                33.339639
              ],
              [
                -118.477073,
                33.339757
              ],
              [
                -118.477084,
                33.340106
              ],
              [
                -118.477594,
                33.340786
              ],
              [
                -118.477455,
                33.341195
              ],
              [
                -118.477833,
                33.341931
              ],
              [
                -118.479025,
                33.34198
              ],
              [
                -118.479065,
                33.342253
              ],
              [
                -118.479453,
                33.342186
              ],
              [
                -118.47938,
                33.342438
              ],
              [
                -118.480545,
                33.343314
              ],
              [
                -118.481073,
                33.343316
              ],
              [
                -118.4811,
                33.343694
              ],
              [
                -118.481723,
                33.343525
              ],
              [
                -118.481768,
                33.343841
              ],
              [
                -118.481367,
                33.344008
              ],
              [
                -118.481662,
                33.344336
              ],
              [
                -118.481967,
                33.34423
              ],
              [
                -118.482067,
                33.344557
              ],
              [
                -118.481767,
                33.344495
              ],
              [
                -118.48174,
                33.344681
              ],
              [
                -118.482245,
                33.345051
              ],
              [
                -118.482283,
                33.34587
              ],
              [
                -118.482676,
                33.346702
              ],
              [
                -118.483997,
                33.347765
              ],
              [
                -118.48381,
                33.349224
              ],
              [
                -118.484104,
                33.349328
              ],
              [
                -118.484182,
                33.349677
              ],
              [
                -118.484434,
                33.3496
              ],
              [
                -118.484377,
                33.34989
              ],
              [
                -118.485525,
                33.350479
              ],
              [
                -118.485734,
                33.351131
              ],
              [
                -118.485551,
                33.351491
              ],
              [
                -118.486201,
                33.352128
              ],
              [
                -118.485859,
                33.352341
              ],
              [
                -118.485916,
                33.352642
              ],
              [
                -118.486597,
                33.352646
              ],
              [
                -118.48639,
                33.352816
              ],
              [
                -118.486701,
                33.353173
              ],
              [
                -118.486483,
                33.353304
              ],
              [
                -118.486549,
                33.353692
              ],
              [
                -118.486665,
                33.353555
              ],
              [
                -118.487095,
                33.353966
              ],
              [
                -118.486828,
                33.353948
              ],
              [
                -118.486841,
                33.354168
              ],
              [
                -118.487761,
                33.355412
              ],
              [
                -118.487949,
                33.35626
              ],
              [
                -118.488655,
                33.356484
              ],
              [
                -118.488043,
                33.356705
              ],
              [
                -118.488206,
                33.35709
              ],
              [
                -118.488499,
                33.356965
              ],
              [
                -118.488853,
                33.357165
              ],
              [
                -118.488478,
                33.357475
              ],
              [
                -118.488114,
                33.357451
              ],
              [
                -118.48748,
                33.358851
              ],
              [
                -118.487699,
                33.358955
              ],
              [
                -118.487204,
                33.359034
              ],
              [
                -118.487201,
                33.359483
              ],
              [
                -118.486799,
                33.359711
              ],
              [
                -118.486796,
                33.360752
              ],
              [
                -118.486334,
                33.360822
              ],
              [
                -118.486367,
                33.36121
              ],
              [
                -118.486233,
                33.36106
              ],
              [
                -118.485466,
                33.36135
              ],
              [
                -118.485398,
                33.361636
              ],
              [
                -118.484898,
                33.361648
              ],
              [
                -118.484869,
                33.361987
              ],
              [
                -118.484282,
                33.362342
              ],
              [
                -118.484197,
                33.362966
              ],
              [
                -118.484547,
                33.363343
              ],
              [
                -118.485675,
                33.36354
              ],
              [
                -118.485307,
                33.364032
              ],
              [
                -118.485517,
                33.364382
              ],
              [
                -118.485045,
                33.364353
              ],
              [
                -118.484423,
                33.365376
              ],
              [
                -118.484006,
                33.365509
              ],
              [
                -118.48409,
                33.365854
              ],
              [
                -118.483599,
                33.366009
              ],
              [
                -118.483326,
                33.366326
              ],
              [
                -118.483476,
                33.366471
              ],
              [
                -118.483153,
                33.366462
              ],
              [
                -118.483285,
                33.36665
              ],
              [
                -118.483036,
                33.366608
              ],
              [
                -118.483078,
                33.366781
              ],
              [
                -118.482648,
                33.366999
              ],
              [
                -118.482053,
                33.366891
              ],
              [
                -118.48168,
                33.367392
              ],
              [
                -118.481448,
                33.368521
              ],
              [
                -118.481664,
                33.369431
              ],
              [
                -118.483077,
                33.371021
              ],
              [
                -118.483518,
                33.371127
              ],
              [
                -118.4835,
                33.37148
              ],
              [
                -118.484174,
                33.371919
              ],
              [
                -118.484381,
                33.372366
              ],
              [
                -118.484889,
                33.372549
              ],
              [
                -118.484619,
                33.372708
              ],
              [
                -118.484644,
                33.373229
              ],
              [
                -118.482762,
                33.373547
              ],
              [
                -118.482645,
                33.374009
              ],
              [
                -118.481316,
                33.374241
              ],
              [
                -118.480739,
                33.374706
              ],
              [
                -118.480148,
                33.374698
              ],
              [
                -118.479688,
                33.375609
              ],
              [
                -118.478975,
                33.376015
              ],
              [
                -118.479144,
                33.376676
              ],
              [
                -118.480233,
                33.377388
              ],
              [
                -118.480547,
                33.378213
              ],
              [
                -118.480924,
                33.378419
              ],
              [
                -118.480805,
                33.378685
              ],
              [
                -118.481184,
                33.37879
              ],
              [
                -118.480954,
                33.379683
              ],
              [
                -118.480469,
                33.379662
              ],
              [
                -118.480556,
                33.380419
              ],
              [
                -118.479655,
                33.380894
              ],
              [
                -118.47781,
                33.380793
              ],
              [
                -118.477204,
                33.381272
              ],
              [
                -118.475953,
                33.380954
              ],
              [
                -118.475451,
                33.381052
              ],
              [
                -118.474437,
                33.381488
              ],
              [
                -118.473645,
                33.382484
              ],
              [
                -118.473068,
                33.38262
              ],
              [
                -118.472953,
                33.383291
              ],
              [
                -118.473061,
                33.383584
              ],
              [
                -118.473569,
                33.383749
              ],
              [
                -118.474009,
                33.384815
              ],
              [
                -118.474571,
                33.384818
              ],
              [
                -118.474914,
                33.384483
              ],
              [
                -118.474988,
                33.385062
              ],
              [
                -118.475257,
                33.384984
              ],
              [
                -118.475006,
                33.385329
              ],
              [
                -118.474427,
                33.385245
              ],
              [
                -118.47412,
                33.385556
              ],
              [
                -118.474286,
                33.386127
              ],
              [
                -118.474912,
                33.386646
              ],
              [
                -118.475484,
                33.386797
              ],
              [
                -118.477256,
                33.385641
              ],
              [
                -118.478685,
                33.386434
              ],
              [
                -118.478376,
                33.386841
              ],
              [
                -118.478541,
                33.387148
              ],
              [
                -118.478293,
                33.387341
              ],
              [
                -118.478977,
                33.387794
              ],
              [
                -118.479798,
                33.38918
              ],
              [
                -118.480155,
                33.388946
              ],
              [
                -118.479775,
                33.389514
              ],
              [
                -118.480416,
                33.389857
              ],
              [
                -118.480215,
                33.390284
              ],
              [
                -118.480326,
                33.390711
              ],
              [
                -118.480982,
                33.390877
              ],
              [
                -118.481096,
                33.391175
              ],
              [
                -118.48046,
                33.391739
              ],
              [
                -118.480745,
                33.392268
              ],
              [
                -118.480684,
                33.392816
              ],
              [
                -118.480921,
                33.392896
              ],
              [
                -118.480675,
                33.392974
              ],
              [
                -118.48093,
                33.393015
              ],
              [
                -118.480421,
                33.393453
              ],
              [
                -118.480816,
                33.393625
              ],
              [
                -118.480748,
                33.394503
              ],
              [
                -118.481357,
                33.395084
              ],
              [
                -118.48113,
                33.395639
              ],
              [
                -118.481346,
                33.396249
              ],
              [
                -118.481818,
                33.396833
              ],
              [
                -118.482303,
                33.396739
              ],
              [
                -118.482848,
                33.397071
              ],
              [
                -118.483385,
                33.397866
              ],
              [
                -118.483243,
                33.398408
              ],
              [
                -118.48364,
                33.398777
              ],
              [
                -118.483455,
                33.399514
              ],
              [
                -118.483782,
                33.399991
              ],
              [
                -118.484208,
                33.400011
              ],
              [
                -118.484174,
                33.400297
              ],
              [
                -118.484693,
                33.400486
              ],
              [
                -118.484964,
                33.400919
              ],
              [
                -118.485511,
                33.400836
              ],
              [
                -118.485757,
                33.401078
              ],
              [
                -118.485769,
                33.401656
              ],
              [
                -118.48544,
                33.401565
              ],
              [
                -118.484906,
                33.40184
              ],
              [
                -118.484577,
                33.402427
              ],
              [
                -118.484601,
                33.402671
              ],
              [
                -118.484867,
                33.402732
              ],
              [
                -118.484914,
                33.403511
              ],
              [
                -118.485386,
                33.403833
              ],
              [
                -118.484681,
                33.404702
              ],
              [
                -118.48403,
                33.404893
              ],
              [
                -118.483822,
                33.405354
              ],
              [
                -118.484292,
                33.406029
              ],
              [
                -118.483502,
                33.406309
              ],
              [
                -118.483381,
                33.406723
              ],
              [
                -118.48446,
                33.407683
              ],
              [
                -118.48465,
                33.407537
              ],
              [
                -118.484766,
                33.40772
              ],
              [
                -118.485233,
                33.407659
              ],
              [
                -118.485444,
                33.407959
              ],
              [
                -118.486586,
                33.408003
              ],
              [
                -118.486401,
                33.408148
              ],
              [
                -118.486586,
                33.408284
              ],
              [
                -118.486307,
                33.408338
              ],
              [
                -118.486423,
                33.408502
              ],
              [
                -118.485275,
                33.409078
              ],
              [
                -118.48508,
                33.409467
              ],
              [
                -118.48517,
                33.410729
              ],
              [
                -118.484707,
                33.411415
              ],
              [
                -118.484644,
                33.41234
              ],
              [
                -118.485322,
                33.413462
              ],
              [
                -118.485884,
                33.413498
              ],
              [
                -118.485932,
                33.413967
              ],
              [
                -118.486411,
                33.414241
              ],
              [
                -118.486424,
                33.413844
              ],
              [
                -118.48669,
                33.414197
              ],
              [
                -118.48638,
                33.414952
              ],
              [
                -118.486648,
                33.415213
              ],
              [
                -118.486678,
                33.415724
              ],
              [
                -118.487131,
                33.416146
              ],
              [
                -118.487254,
                33.417298
              ],
              [
                -118.487514,
                33.417373
              ],
              [
                -118.487269,
                33.417981
              ],
              [
                -118.488049,
                33.418259
              ],
              [
                -118.488062,
                33.419352
              ],
              [
                -118.488684,
                33.419265
              ],
              [
                -118.488503,
                33.419802
              ],
              [
                -118.488693,
                33.419967
              ],
              [
                -118.489333,
                33.420109
              ],
              [
                -118.489861,
                33.419868
              ],
              [
                -118.489771,
                33.420082
              ],
              [
                -118.490506,
                33.420311
              ],
              [
                -118.490591,
                33.420623
              ],
              [
                -118.491526,
                33.421117
              ],
              [
                -118.491831,
                33.420926
              ],
              [
                -118.491874,
                33.421375
              ],
              [
                -118.49251,
                33.421403
              ],
              [
                -118.493021,
                33.421753
              ],
              [
                -118.494365,
                33.421346
              ],
              [
                -118.494744,
                33.421442
              ],
              [
                -118.494818,
                33.421739
              ],
              [
                -118.495985,
                33.422017
              ],
              [
                -118.497477,
                33.421584
              ],
              [
                -118.498653,
                33.421633
              ],
              [
                -118.498713,
                33.421815
              ],
              [
                -118.499279,
                33.421636
              ],
              [
                -118.498988,
                33.421976
              ],
              [
                -118.499769,
                33.42191
              ],
              [
                -118.499299,
                33.422386
              ],
              [
                -118.500432,
                33.422893
              ],
              [
                -118.500471,
                33.423176
              ],
              [
                -118.50109,
                33.423307
              ],
              [
                -118.501249,
                33.423009
              ],
              [
                -118.501607,
                33.423352
              ],
              [
                -118.502413,
                33.423435
              ],
              [
                -118.502696,
                33.423816
              ],
              [
                -118.503535,
                33.423922
              ],
              [
                -118.50343,
                33.424098
              ],
              [
                -118.504414,
                33.424669
              ],
              [
                -118.50506,
                33.424778
              ],
              [
                -118.505578,
                33.425382
              ],
              [
                -118.505553,
                33.426098
              ],
              [
                -118.506268,
                33.426818
              ],
              [
                -118.506753,
                33.427923
              ],
              [
                -118.505706,
                33.428888
              ],
              [
                -118.505922,
                33.430089
              ],
              [
                -118.505807,
                33.430737
              ],
              [
                -118.505355,
                33.431189
              ],
              [
                -118.505062,
                33.431047
              ],
              [
                -118.505159,
                33.430733
              ],
              [
                -118.505479,
                33.430675
              ],
              [
                -118.505679,
                33.43001
              ],
              [
                -118.505418,
                33.429366
              ],
              [
                -118.505084,
                33.429281
              ],
              [
                -118.504409,
                33.430098
              ],
              [
                -118.504316,
                33.431118
              ],
              [
                -118.502661,
                33.431984
              ],
              [
                -118.502672,
                33.43325
              ],
              [
                -118.501115,
                33.435277
              ],
              [
                -118.501032,
                33.435946
              ],
              [
                -118.502031,
                33.436149
              ],
              [
                -118.502767,
                33.435151
              ],
              [
                -118.504942,
                33.434426
              ],
              [
                -118.506538,
                33.432107
              ],
              [
                -118.508833,
                33.432238
              ],
              [
                -118.509647,
                33.431929
              ],
              [
                -118.50971,
                33.430058
              ],
              [
                -118.51259,
                33.427203
              ],
              [
                -118.512226,
                33.426014
              ],
              [
                -118.512384,
                33.425744
              ],
              [
                -118.511851,
                33.425049
              ],
              [
                -118.512279,
                33.424678
              ],
              [
                -118.512247,
                33.424271
              ],
              [
                -118.512609,
                33.424057
              ],
              [
                -118.512509,
                33.423353
              ],
              [
                -118.512126,
                33.422818
              ],
              [
                -118.512296,
                33.422243
              ],
              [
                -118.512798,
                33.421882
              ],
              [
                -118.513425,
                33.422522
              ],
              [
                -118.513969,
                33.422739
              ],
              [
                -118.514148,
                33.422587
              ],
              [
                -118.514219,
                33.422837
              ],
              [
                -118.514383,
                33.42265
              ],
              [
                -118.514737,
                33.422799
              ],
              [
                -118.514812,
                33.422414
              ],
              [
                -118.515179,
                33.422262
              ],
              [
                -118.516084,
                33.42268
              ],
              [
                -118.516263,
                33.423138
              ],
              [
                -118.515909,
                33.423675
              ],
              [
                -118.51623,
                33.424092
              ],
              [
                -118.516325,
                33.42476
              ],
              [
                -118.51606,
                33.425422
              ],
              [
                -118.515649,
                33.425729
              ],
              [
                -118.515949,
                33.425819
              ],
              [
                -118.516099,
                33.426308
              ],
              [
                -118.516513,
                33.4264
              ],
              [
                -118.516346,
                33.426779
              ],
              [
                -118.517022,
                33.427142
              ],
              [
                -118.518482,
                33.427144
              ],
              [
                -118.518563,
                33.427368
              ],
              [
                -118.51925,
                33.427505
              ],
              [
                -118.520662,
                33.428989
              ],
              [
                -118.521119,
                33.429172
              ],
              [
                -118.521158,
                33.429516
              ],
              [
                -118.521808,
                33.429725
              ],
              [
                -118.522467,
                33.430398
              ],
              [
                -118.522797,
                33.430359
              ],
              [
                -118.523179,
                33.430946
              ],
              [
                -118.52383,
                33.431089
              ],
              [
                -118.525085,
                33.430904
              ],
              [
                -118.526191,
                33.430456
              ],
              [
                -118.52663,
                33.430719
              ],
              [
                -118.527014,
                33.430567
              ],
              [
                -118.528079,
                33.430805
              ],
              [
                -118.528162,
                33.430577
              ],
              [
                -118.528525,
                33.430668
              ],
              [
                -118.52849,
                33.430419
              ],
              [
                -118.52883,
                33.430151
              ],
              [
                -118.529229,
                33.4304
              ],
              [
                -118.530331,
                33.429846
              ],
              [
                -118.530638,
                33.429883
              ],
              [
                -118.531038,
                33.430409
              ],
              [
                -118.531194,
                33.430277
              ],
              [
                -118.531078,
                33.430701
              ],
              [
                -118.531319,
                33.430866
              ],
              [
                -118.531982,
                33.429777
              ],
              [
                -118.532347,
                33.429729
              ],
              [
                -118.532459,
                33.429229
              ],
              [
                -118.533024,
                33.428769
              ],
              [
                -118.533584,
                33.429554
              ],
              [
                -118.533732,
                33.42925
              ],
              [
                -118.534213,
                33.42908
              ],
              [
                -118.534025,
                33.429407
              ],
              [
                -118.53475,
                33.43018
              ],
              [
                -118.535153,
                33.430229
              ],
              [
                -118.535204,
                33.430578
              ],
              [
                -118.535988,
                33.430297
              ],
              [
                -118.535327,
                33.431276
              ],
              [
                -118.535803,
                33.432008
              ],
              [
                -118.53549,
                33.432296
              ],
              [
                -118.535248,
                33.433429
              ],
              [
                -118.535461,
                33.434214
              ],
              [
                -118.536484,
                33.434567
              ],
              [
                -118.536809,
                33.434282
              ],
              [
                -118.5372,
                33.434896
              ],
              [
                -118.538109,
                33.43464
              ],
              [
                -118.538792,
                33.434611
              ],
              [
                -118.538937,
                33.434809
              ],
              [
                -118.540806,
                33.434599
              ],
              [
                -118.542866,
                33.433599
              ],
              [
                -118.543898,
                33.433774
              ],
              [
                -118.544123,
                33.433601
              ],
              [
                -118.544707,
                33.434649
              ],
              [
                -118.546731,
                33.435467
              ],
              [
                -118.548384,
                33.434181
              ],
              [
                -118.548374,
                33.434715
              ],
              [
                -118.548804,
                33.434888
              ],
              [
                -118.549698,
                33.436045
              ],
              [
                -118.550236,
                33.435556
              ],
              [
                -118.55098,
                33.435603
              ],
              [
                -118.551687,
                33.434896
              ],
              [
                -118.553413,
                33.434145
              ],
              [
                -118.553853,
                33.433711
              ],
              [
                -118.553793,
                33.434188
              ],
              [
                -118.554207,
                33.434246
              ],
              [
                -118.554261,
                33.433492
              ],
              [
                -118.554568,
                33.433157
              ],
              [
                -118.554554,
                33.433319
              ],
              [
                -118.554918,
                33.433319
              ],
              [
                -118.554786,
                33.433719
              ],
              [
                -118.554972,
                33.433764
              ],
              [
                -118.556318,
                33.432979
              ],
              [
                -118.557498,
                33.433462
              ],
              [
                -118.558497,
                33.43325
              ],
              [
                -118.559334,
                33.433505
              ],
              [
                -118.559794,
                33.43321
              ],
              [
                -118.559924,
                33.433565
              ],
              [
                -118.560226,
                33.433549
              ],
              [
                -118.560276,
                33.433918
              ],
              [
                -118.560993,
                33.433936
              ],
              [
                -118.561922,
                33.434454
              ],
              [
                -118.562814,
                33.434489
              ],
              [
                -118.563561,
                33.434079
              ],
              [
                -118.563649,
                33.435025
              ],
              [
                -118.564218,
                33.435476
              ],
              [
                -118.564031,
                33.4361
              ],
              [
                -118.564225,
                33.436054
              ],
              [
                -118.564535,
                33.436521
              ],
              [
                -118.564105,
                33.437003
              ],
              [
                -118.564541,
                33.437452
              ],
              [
                -118.565,
                33.437239
              ],
              [
                -118.564805,
                33.437618
              ],
              [
                -118.567088,
                33.437819
              ],
              [
                -118.567363,
                33.438018
              ],
              [
                -118.567741,
                33.437875
              ],
              [
                -118.568446,
                33.438528
              ],
              [
                -118.568854,
                33.438328
              ],
              [
                -118.569164,
                33.438776
              ],
              [
                -118.569508,
                33.438656
              ],
              [
                -118.569617,
                33.438887
              ],
              [
                -118.57123,
                33.439347
              ],
              [
                -118.571631,
                33.438889
              ],
              [
                -118.57247,
                33.438737
              ],
              [
                -118.572883,
                33.439487
              ],
              [
                -118.57398,
                33.439845
              ],
              [
                -118.574337,
                33.440852
              ],
              [
                -118.573918,
                33.441071
              ],
              [
                -118.573951,
                33.442742
              ],
              [
                -118.571124,
                33.444311
              ],
              [
                -118.571835,
                33.444974
              ],
              [
                -118.572914,
                33.445064
              ],
              [
                -118.573097,
                33.44561
              ],
              [
                -118.572457,
                33.446409
              ],
              [
                -118.572808,
                33.446504
              ],
              [
                -118.573029,
                33.446235
              ],
              [
                -118.573166,
                33.446528
              ],
              [
                -118.572834,
                33.447584
              ],
              [
                -118.574049,
                33.448062
              ],
              [
                -118.574916,
                33.447915
              ],
              [
                -118.575229,
                33.448234
              ],
              [
                -118.5762,
                33.448328
              ],
              [
                -118.576897,
                33.448212
              ],
              [
                -118.576837,
                33.448021
              ],
              [
                -118.577347,
                33.447526
              ],
              [
                -118.577769,
                33.447765
              ],
              [
                -118.577984,
                33.448813
              ],
              [
                -118.578489,
                33.449202
              ],
              [
                -118.578848,
                33.449154
              ],
              [
                -118.578891,
                33.449899
              ],
              [
                -118.579485,
                33.450126
              ],
              [
                -118.579427,
                33.450483
              ],
              [
                -118.579803,
                33.450779
              ],
              [
                -118.580411,
                33.450821
              ],
              [
                -118.580335,
                33.450629
              ],
              [
                -118.580587,
                33.450832
              ],
              [
                -118.580632,
                33.450542
              ],
              [
                -118.580857,
                33.450716
              ],
              [
                -118.580894,
                33.451161
              ],
              [
                -118.580594,
                33.451381
              ],
              [
                -118.580627,
                33.452437
              ],
              [
                -118.582068,
                33.452971
              ],
              [
                -118.582504,
                33.45279
              ],
              [
                -118.582775,
                33.453199
              ],
              [
                -118.583402,
                33.453154
              ],
              [
                -118.583073,
                33.454344
              ],
              [
                -118.583426,
                33.454353
              ],
              [
                -118.583455,
                33.454649
              ],
              [
                -118.58385,
                33.454826
              ],
              [
                -118.584506,
                33.45472
              ],
              [
                -118.584833,
                33.456505
              ],
              [
                -118.586124,
                33.458087
              ],
              [
                -118.587172,
                33.46031
              ],
              [
                -118.588656,
                33.460997
              ],
              [
                -118.588858,
                33.461444
              ],
              [
                -118.589842,
                33.461466
              ],
              [
                -118.591128,
                33.461138
              ],
              [
                -118.591087,
                33.461844
              ],
              [
                -118.591716,
                33.463322
              ],
              [
                -118.592273,
                33.463668
              ],
              [
                -118.592503,
                33.464172
              ],
              [
                -118.593029,
                33.464021
              ],
              [
                -118.593202,
                33.464181
              ],
              [
                -118.592951,
                33.464269
              ],
              [
                -118.592987,
                33.464756
              ],
              [
                -118.592625,
                33.465329
              ],
              [
                -118.592924,
                33.465777
              ],
              [
                -118.592848,
                33.466215
              ],
              [
                -118.593446,
                33.46713
              ],
              [
                -118.594973,
                33.467688
              ],
              [
                -118.596736,
                33.46899
              ],
              [
                -118.597852,
                33.468961
              ],
              [
                -118.598615,
                33.468593
              ],
              [
                -118.598883,
                33.468926
              ],
              [
                -118.599434,
                33.468961
              ],
              [
                -118.600002,
                33.469675
              ],
              [
                -118.600595,
                33.469606
              ],
              [
                -118.600697,
                33.46997
              ],
              [
                -118.601461,
                33.47049
              ],
              [
                -118.601714,
                33.471329
              ],
              [
                -118.602357,
                33.471676
              ],
              [
                -118.602276,
                33.472076
              ],
              [
                -118.602589,
                33.472371
              ],
              [
                -118.602287,
                33.472377
              ],
              [
                -118.602527,
                33.472671
              ],
              [
                -118.602175,
                33.4726
              ],
              [
                -118.602325,
                33.472821
              ],
              [
                -118.601908,
                33.472935
              ],
              [
                -118.602151,
                33.47332
              ],
              [
                -118.601736,
                33.47364
              ],
              [
                -118.601777,
                33.474208
              ],
              [
                -118.603427,
                33.475537
              ],
              [
                -118.603559,
                33.475806
              ],
              [
                -118.603353,
                33.476214
              ],
              [
                -118.603943,
                33.476928
              ],
              [
                -118.604487,
                33.476743
              ],
              [
                -118.605101,
                33.477114
              ],
              [
                -118.60511,
                33.477539
              ],
              [
                -118.605433,
                33.477798
              ],
              [
                -118.605295,
                33.478231
              ],
              [
                -118.605988,
                33.478621
              ],
              [
                -118.606304,
                33.478468
              ],
              [
                -118.60597,
                33.479003
              ],
              [
                -118.605435,
                33.478696
              ],
              [
                -118.604991,
                33.478996
              ]
            ]
          ],
          [
            [
              [
                -118.601157,
                33.032733
              ],
              [
                -118.600011,
                33.032896
              ],
              [
                -118.598076,
                33.034057
              ],
              [
                -118.596336,
                33.033991
              ],
              [
                -118.59598,
                33.034264
              ],
              [
                -118.59553,
                33.035295
              ],
              [
                -118.594589,
                33.03561
              ],
              [
                -118.592972,
                33.034865
              ],
              [
                -118.59259,
                33.034933
              ],
              [
                -118.592853,
                33.03444
              ],
              [
                -118.592709,
                33.033936
              ],
              [
                -118.591884,
                33.033558
              ],
              [
                -118.591745,
                33.032773
              ],
              [
                -118.591194,
                33.032676
              ],
              [
                -118.591373,
                33.032348
              ],
              [
                -118.590926,
                33.032333
              ],
              [
                -118.591009,
                33.031818
              ],
              [
                -118.590593,
                33.03199
              ],
              [
                -118.591049,
                33.031159
              ],
              [
                -118.590561,
                33.030265
              ],
              [
                -118.590564,
                33.029754
              ],
              [
                -118.590044,
                33.029107
              ],
              [
                -118.58912,
                33.028706
              ],
              [
                -118.587231,
                33.028334
              ],
              [
                -118.585795,
                33.028428
              ],
              [
                -118.584704,
                33.028983
              ],
              [
                -118.583798,
                33.029993
              ],
              [
                -118.582933,
                33.030537
              ],
              [
                -118.582047,
                33.030435
              ],
              [
                -118.581617,
                33.03074
              ],
              [
                -118.579855,
                33.030192
              ],
              [
                -118.578843,
                33.030456
              ],
              [
                -118.577729,
                33.031044
              ],
              [
                -118.576487,
                33.032599
              ],
              [
                -118.575195,
                33.033531
              ],
              [
                -118.574376,
                33.032415
              ],
              [
                -118.574091,
                33.032469
              ],
              [
                -118.573698,
                33.032139
              ],
              [
                -118.57278,
                33.030289
              ],
              [
                -118.57121,
                33.029545
              ],
              [
                -118.570924,
                33.029126
              ],
              [
                -118.570249,
                33.029144
              ],
              [
                -118.569955,
                33.029393
              ],
              [
                -118.569331,
                33.029061
              ],
              [
                -118.567382,
                33.027047
              ],
              [
                -118.566809,
                33.026831
              ],
              [
                -118.566153,
                33.025857
              ],
              [
                -118.566186,
                33.025212
              ],
              [
                -118.565148,
                33.024864
              ],
              [
                -118.564889,
                33.024465
              ],
              [
                -118.564204,
                33.024374
              ],
              [
                -118.563728,
                33.023844
              ],
              [
                -118.563492,
                33.024065
              ],
              [
                -118.564154,
                33.022784
              ],
              [
                -118.564228,
                33.02215
              ],
              [
                -118.564568,
                33.021815
              ],
              [
                -118.564904,
                33.020114
              ],
              [
                -118.564809,
                33.01877
              ],
              [
                -118.564516,
                33.01805
              ],
              [
                -118.564211,
                33.018022
              ],
              [
                -118.564178,
                33.017377
              ],
              [
                -118.563721,
                33.016951
              ],
              [
                -118.56381,
                33.016761
              ],
              [
                -118.563546,
                33.016647
              ],
              [
                -118.563049,
                33.015648
              ],
              [
                -118.5623,
                33.015122
              ],
              [
                -118.562172,
                33.01439
              ],
              [
                -118.561124,
                33.012852
              ],
              [
                -118.561351,
                33.012526
              ],
              [
                -118.561272,
                33.01154
              ],
              [
                -118.561089,
                33.011008
              ],
              [
                -118.56067,
                33.010745
              ],
              [
                -118.561141,
                33.01033
              ],
              [
                -118.5611,
                33.009484
              ],
              [
                -118.559853,
                33.007419
              ],
              [
                -118.55931,
                33.005807
              ],
              [
                -118.558023,
                33.005341
              ],
              [
                -118.55755,
                33.004903
              ],
              [
                -118.556705,
                33.004739
              ],
              [
                -118.554555,
                33.005681
              ],
              [
                -118.553746,
                33.00569
              ],
              [
                -118.551469,
                33.003621
              ],
              [
                -118.55018,
                33.002988
              ],
              [
                -118.549571,
                33.001934
              ],
              [
                -118.548271,
                33.001224
              ],
              [
                -118.546649,
                32.995872
              ],
              [
                -118.54663,
                32.992533
              ],
              [
                -118.545667,
                32.989205
              ],
              [
                -118.54331,
                32.985052
              ],
              [
                -118.541332,
                32.982193
              ],
              [
                -118.539974,
                32.980666
              ],
              [
                -118.538899,
                32.980079
              ],
              [
                -118.538748,
                32.979666
              ],
              [
                -118.536264,
                32.977842
              ],
              [
                -118.534996,
                32.977324
              ],
              [
                -118.533788,
                32.977165
              ],
              [
                -118.533194,
                32.976579
              ],
              [
                -118.531843,
                32.975945
              ],
              [
                -118.531295,
                32.975264
              ],
              [
                -118.530007,
                32.971813
              ],
              [
                -118.528727,
                32.970081
              ],
              [
                -118.526285,
                32.968496
              ],
              [
                -118.522219,
                32.964817
              ],
              [
                -118.520811,
                32.963929
              ],
              [
                -118.520196,
                32.963839
              ],
              [
                -118.520129,
                32.962864
              ],
              [
                -118.519696,
                32.962729
              ],
              [
                -118.519656,
                32.962456
              ],
              [
                -118.518774,
                32.961824
              ],
              [
                -118.518614,
                32.961325
              ],
              [
                -118.516676,
                32.959121
              ],
              [
                -118.51546,
                32.957303
              ],
              [
                -118.515151,
                32.957218
              ],
              [
                -118.515322,
                32.956843
              ],
              [
                -118.514098,
                32.953019
              ],
              [
                -118.510232,
                32.948974
              ],
              [
                -118.507862,
                32.946028
              ],
              [
                -118.505106,
                32.943474
              ],
              [
                -118.503908,
                32.941031
              ],
              [
                -118.499579,
                32.937037
              ],
              [
                -118.496147,
                32.932848
              ],
              [
                -118.493571,
                32.93096
              ],
              [
                -118.491059,
                32.928132
              ],
              [
                -118.487158,
                32.92516
              ],
              [
                -118.486992,
                32.924685
              ],
              [
                -118.485327,
                32.923367
              ],
              [
                -118.484377,
                32.922824
              ],
              [
                -118.483249,
                32.92268
              ],
              [
                -118.483371,
                32.922223
              ],
              [
                -118.482849,
                32.921738
              ],
              [
                -118.481096,
                32.920864
              ],
              [
                -118.47893,
                32.920362
              ],
              [
                -118.477951,
                32.919532
              ],
              [
                -118.475597,
                32.918248
              ],
              [
                -118.475394,
                32.918353
              ],
              [
                -118.475487,
                32.91806
              ],
              [
                -118.475126,
                32.917749
              ],
              [
                -118.473392,
                32.917396
              ],
              [
                -118.472261,
                32.91653
              ],
              [
                -118.471304,
                32.916054
              ],
              [
                -118.470576,
                32.915972
              ],
              [
                -118.470553,
                32.915728
              ],
              [
                -118.469429,
                32.91512
              ],
              [
                -118.46721,
                32.914388
              ],
              [
                -118.465405,
                32.912442
              ],
              [
                -118.462992,
                32.91068
              ],
              [
                -118.460589,
                32.9093
              ],
              [
                -118.459183,
                32.908057
              ],
              [
                -118.458069,
                32.906054
              ],
              [
                -118.455804,
                32.903993
              ],
              [
                -118.452467,
                32.899742
              ],
              [
                -118.450454,
                32.898114
              ],
              [
                -118.448533,
                32.896926
              ],
              [
                -118.447257,
                32.895413
              ],
              [
                -118.445641,
                32.894287
              ],
              [
                -118.442637,
                32.892712
              ],
              [
                -118.442596,
                32.892506
              ],
              [
                -118.442168,
                32.892438
              ],
              [
                -118.441438,
                32.891658
              ],
              [
                -118.440591,
                32.891322
              ],
              [
                -118.43824,
                32.889339
              ],
              [
                -118.436716,
                32.888673
              ],
              [
                -118.436616,
                32.888318
              ],
              [
                -118.435154,
                32.887079
              ],
              [
                -118.432263,
                32.885018
              ],
              [
                -118.431579,
                32.884196
              ],
              [
                -118.430873,
                32.883866
              ],
              [
                -118.429826,
                32.882519
              ],
              [
                -118.427549,
                32.88113
              ],
              [
                -118.427178,
                32.88046
              ],
              [
                -118.424694,
                32.878395
              ],
              [
                -118.422299,
                32.877243
              ],
              [
                -118.420624,
                32.875925
              ],
              [
                -118.418335,
                32.874856
              ],
              [
                -118.417775,
                32.874035
              ],
              [
                -118.417122,
                32.873658
              ],
              [
                -118.416415,
                32.872554
              ],
              [
                -118.414766,
                32.871432
              ],
              [
                -118.413322,
                32.869887
              ],
              [
                -118.410806,
                32.86859
              ],
              [
                -118.408914,
                32.868019
              ],
              [
                -118.408446,
                32.867706
              ],
              [
                -118.408123,
                32.866899
              ],
              [
                -118.405339,
                32.864618
              ],
              [
                -118.404906,
                32.863967
              ],
              [
                -118.404034,
                32.863534
              ],
              [
                -118.402626,
                32.863294
              ],
              [
                -118.402844,
                32.862707
              ],
              [
                -118.401346,
                32.861532
              ],
              [
                -118.400857,
                32.860828
              ],
              [
                -118.400817,
                32.860268
              ],
              [
                -118.399463,
                32.859111
              ],
              [
                -118.398688,
                32.85889
              ],
              [
                -118.398188,
                32.858453
              ],
              [
                -118.396903,
                32.857192
              ],
              [
                -118.396827,
                32.856776
              ],
              [
                -118.395446,
                32.856378
              ],
              [
                -118.39448,
                32.856384
              ],
              [
                -118.393602,
                32.855941
              ],
              [
                -118.393159,
                32.856064
              ],
              [
                -118.391878,
                32.855501
              ],
              [
                -118.391863,
                32.854803
              ],
              [
                -118.391181,
                32.85421
              ],
              [
                -118.391021,
                32.854303
              ],
              [
                -118.390963,
                32.8535
              ],
              [
                -118.390195,
                32.852375
              ],
              [
                -118.388822,
                32.851887
              ],
              [
                -118.388448,
                32.851399
              ],
              [
                -118.3872,
                32.851377
              ],
              [
                -118.38667,
                32.850781
              ],
              [
                -118.38623,
                32.850751
              ],
              [
                -118.386284,
                32.849777
              ],
              [
                -118.385736,
                32.849239
              ],
              [
                -118.384862,
                32.849145
              ],
              [
                -118.383789,
                32.848308
              ],
              [
                -118.382754,
                32.847867
              ],
              [
                -118.381709,
                32.847848
              ],
              [
                -118.380855,
                32.847109
              ],
              [
                -118.381194,
                32.84709
              ],
              [
                -118.380898,
                32.846369
              ],
              [
                -118.380445,
                32.846444
              ],
              [
                -118.380535,
                32.846158
              ],
              [
                -118.380278,
                32.845734
              ],
              [
                -118.380442,
                32.845722
              ],
              [
                -118.380073,
                32.845564
              ],
              [
                -118.380015,
                32.845076
              ],
              [
                -118.379666,
                32.845047
              ],
              [
                -118.37979,
                32.844489
              ],
              [
                -118.379516,
                32.844041
              ],
              [
                -118.378721,
                32.843714
              ],
              [
                -118.377963,
                32.842944
              ],
              [
                -118.377405,
                32.842931
              ],
              [
                -118.377342,
                32.842681
              ],
              [
                -118.377022,
                32.842873
              ],
              [
                -118.37647,
                32.842525
              ],
              [
                -118.375788,
                32.84273
              ],
              [
                -118.375255,
                32.84257
              ],
              [
                -118.375466,
                32.841655
              ],
              [
                -118.374929,
                32.841103
              ],
              [
                -118.373088,
                32.840565
              ],
              [
                -118.372617,
                32.840711
              ],
              [
                -118.371202,
                32.83974
              ],
              [
                -118.370122,
                32.839581
              ],
              [
                -118.36937,
                32.837964
              ],
              [
                -118.367265,
                32.837073
              ],
              [
                -118.367345,
                32.836496
              ],
              [
                -118.366538,
                32.836174
              ],
              [
                -118.366109,
                32.835336
              ],
              [
                -118.365388,
                32.835015
              ],
              [
                -118.365213,
                32.834439
              ],
              [
                -118.364673,
                32.834063
              ],
              [
                -118.364567,
                32.83346
              ],
              [
                -118.362978,
                32.832194
              ],
              [
                -118.363369,
                32.831588
              ],
              [
                -118.362068,
                32.831158
              ],
              [
                -118.360844,
                32.829998
              ],
              [
                -118.360006,
                32.83012
              ],
              [
                -118.359505,
                32.829934
              ],
              [
                -118.359425,
                32.829729
              ],
              [
                -118.360582,
                32.829827
              ],
              [
                -118.35966,
                32.827453
              ],
              [
                -118.359776,
                32.827269
              ],
              [
                -118.359368,
                32.827368
              ],
              [
                -118.358052,
                32.826283
              ],
              [
                -118.356928,
                32.824962
              ],
              [
                -118.355583,
                32.82391
              ],
              [
                -118.354937,
                32.822921
              ],
              [
                -118.353435,
                32.821886
              ],
              [
                -118.353345,
                32.821588
              ],
              [
                -118.353127,
                32.821743
              ],
              [
                -118.353117,
                32.821408
              ],
              [
                -118.352082,
                32.821517
              ],
              [
                -118.351562,
                32.821247
              ],
              [
                -118.351127,
                32.820743
              ],
              [
                -118.351407,
                32.820026
              ],
              [
                -118.349442,
                32.820431
              ],
              [
                -118.348854,
                32.820303
              ],
              [
                -118.349625,
                32.81969
              ],
              [
                -118.350574,
                32.819651
              ],
              [
                -118.350397,
                32.819433
              ],
              [
                -118.350766,
                32.819075
              ],
              [
                -118.350504,
                32.818646
              ],
              [
                -118.351399,
                32.817928
              ],
              [
                -118.352309,
                32.818166
              ],
              [
                -118.352656,
                32.818037
              ],
              [
                -118.352509,
                32.817753
              ],
              [
                -118.352852,
                32.818083
              ],
              [
                -118.353976,
                32.817767
              ],
              [
                -118.354545,
                32.817056
              ],
              [
                -118.354548,
                32.816603
              ],
              [
                -118.35419,
                32.816407
              ],
              [
                -118.354259,
                32.816088
              ],
              [
                -118.354596,
                32.815873
              ],
              [
                -118.35488,
                32.816058
              ],
              [
                -118.355453,
                32.815923
              ],
              [
                -118.355719,
                32.815622
              ],
              [
                -118.356107,
                32.81599
              ],
              [
                -118.355891,
                32.816309
              ],
              [
                -118.356219,
                32.816717
              ],
              [
                -118.355541,
                32.817153
              ],
              [
                -118.355965,
                32.817379
              ],
              [
                -118.356548,
                32.817058
              ],
              [
                -118.356706,
                32.817858
              ],
              [
                -118.357126,
                32.818313
              ],
              [
                -118.356933,
                32.818616
              ],
              [
                -118.358243,
                32.818043
              ],
              [
                -118.358518,
                32.818678
              ],
              [
                -118.359005,
                32.818613
              ],
              [
                -118.358852,
                32.819213
              ],
              [
                -118.359287,
                32.819157
              ],
              [
                -118.359264,
                32.819463
              ],
              [
                -118.359862,
                32.819749
              ],
              [
                -118.36016,
                32.819529
              ],
              [
                -118.360739,
                32.819676
              ],
              [
                -118.36074,
                32.819876
              ],
              [
                -118.361182,
                32.819802
              ],
              [
                -118.36158,
                32.820223
              ],
              [
                -118.365485,
                32.820548
              ],
              [
                -118.367162,
                32.820204
              ],
              [
                -118.36933,
                32.820222
              ],
              [
                -118.369481,
                32.819966
              ],
              [
                -118.369669,
                32.820164
              ],
              [
                -118.370167,
                32.819856
              ],
              [
                -118.371124,
                32.819985
              ],
              [
                -118.371366,
                32.820538
              ],
              [
                -118.372147,
                32.820379
              ],
              [
                -118.372208,
                32.820184
              ],
              [
                -118.372296,
                32.820424
              ],
              [
                -118.372419,
                32.820159
              ],
              [
                -118.37259,
                32.820447
              ],
              [
                -118.372246,
                32.820519
              ],
              [
                -118.372592,
                32.820593
              ],
              [
                -118.372295,
                32.820938
              ],
              [
                -118.372378,
                32.821322
              ],
              [
                -118.372839,
                32.82141
              ],
              [
                -118.37258,
                32.821645
              ],
              [
                -118.373335,
                32.82145
              ],
              [
                -118.373428,
                32.821595
              ],
              [
                -118.37317,
                32.821759
              ],
              [
                -118.373959,
                32.821851
              ],
              [
                -118.374544,
                32.822218
              ],
              [
                -118.374917,
                32.821942
              ],
              [
                -118.375843,
                32.822447
              ],
              [
                -118.375713,
                32.822751
              ],
              [
                -118.37653,
                32.82283
              ],
              [
                -118.378358,
                32.823721
              ],
              [
                -118.378768,
                32.823541
              ],
              [
                -118.379088,
                32.824167
              ],
              [
                -118.386153,
                32.825406
              ],
              [
                -118.38809,
                32.825348
              ],
              [
                -118.393152,
                32.824575
              ],
              [
                -118.395051,
                32.823885
              ],
              [
                -118.395276,
                32.823392
              ],
              [
                -118.395657,
                32.823239
              ],
              [
                -118.395781,
                32.822978
              ],
              [
                -118.395438,
                32.822333
              ],
              [
                -118.395711,
                32.8225
              ],
              [
                -118.396079,
                32.822161
              ],
              [
                -118.39581,
                32.821507
              ],
              [
                -118.39595,
                32.821261
              ],
              [
                -118.3963,
                32.821849
              ],
              [
                -118.397009,
                32.821969
              ],
              [
                -118.397867,
                32.821642
              ],
              [
                -118.39802,
                32.821367
              ],
              [
                -118.398299,
                32.8215
              ],
              [
                -118.398346,
                32.821152
              ],
              [
                -118.398481,
                32.821445
              ],
              [
                -118.399487,
                32.821392
              ],
              [
                -118.401644,
                32.820511
              ],
              [
                -118.402182,
                32.81898
              ],
              [
                -118.402515,
                32.816146
              ],
              [
                -118.403468,
                32.813369
              ],
              [
                -118.403271,
                32.812477
              ],
              [
                -118.403602,
                32.812315
              ],
              [
                -118.403489,
                32.812012
              ],
              [
                -118.404318,
                32.811761
              ],
              [
                -118.404687,
                32.811365
              ],
              [
                -118.405246,
                32.811364
              ],
              [
                -118.405356,
                32.810925
              ],
              [
                -118.40584,
                32.8113
              ],
              [
                -118.406382,
                32.811002
              ],
              [
                -118.406931,
                32.811215
              ],
              [
                -118.408383,
                32.811112
              ],
              [
                -118.409893,
                32.810383
              ],
              [
                -118.409937,
                32.81015
              ],
              [
                -118.411725,
                32.810228
              ],
              [
                -118.412127,
                32.811012
              ],
              [
                -118.41275,
                32.811451
              ],
              [
                -118.414319,
                32.811473
              ],
              [
                -118.415718,
                32.811187
              ],
              [
                -118.416377,
                32.809844
              ],
              [
                -118.417051,
                32.80973
              ],
              [
                -118.416954,
                32.808056
              ],
              [
                -118.417272,
                32.807386
              ],
              [
                -118.416862,
                32.806731
              ],
              [
                -118.417321,
                32.806604
              ],
              [
                -118.417703,
                32.806986
              ],
              [
                -118.41795,
                32.807076
              ],
              [
                -118.41801,
                32.806862
              ],
              [
                -118.418301,
                32.807286
              ],
              [
                -118.418673,
                32.807339
              ],
              [
                -118.419302,
                32.806326
              ],
              [
                -118.4198,
                32.806237
              ],
              [
                -118.420038,
                32.805901
              ],
              [
                -118.420291,
                32.806258
              ],
              [
                -118.420346,
                32.806039
              ],
              [
                -118.420674,
                32.806307
              ],
              [
                -118.421382,
                32.805858
              ],
              [
                -118.422197,
                32.806037
              ],
              [
                -118.42276,
                32.805529
              ],
              [
                -118.42286,
                32.804918
              ],
              [
                -118.423087,
                32.805303
              ],
              [
                -118.42376,
                32.805175
              ],
              [
                -118.424133,
                32.804611
              ],
              [
                -118.424372,
                32.804772
              ],
              [
                -118.424159,
                32.803857
              ],
              [
                -118.42415,
                32.803422
              ],
              [
                -118.424338,
                32.803348
              ],
              [
                -118.423916,
                32.802434
              ],
              [
                -118.423959,
                32.802234
              ],
              [
                -118.424101,
                32.802504
              ],
              [
                -118.424814,
                32.802385
              ],
              [
                -118.424313,
                32.802038
              ],
              [
                -118.424114,
                32.801524
              ],
              [
                -118.424506,
                32.801401
              ],
              [
                -118.424538,
                32.801793
              ],
              [
                -118.424661,
                32.801288
              ],
              [
                -118.424858,
                32.801267
              ],
              [
                -118.42473,
                32.80062
              ],
              [
                -118.424816,
                32.800865
              ],
              [
                -118.425715,
                32.800467
              ],
              [
                -118.425805,
                32.800793
              ],
              [
                -118.426257,
                32.800756
              ],
              [
                -118.426745,
                32.801169
              ],
              [
                -118.426141,
                32.802059
              ],
              [
                -118.425246,
                32.802214
              ],
              [
                -118.425297,
                32.80252
              ],
              [
                -118.425839,
                32.802777
              ],
              [
                -118.426187,
                32.80259
              ],
              [
                -118.425779,
                32.803234
              ],
              [
                -118.427048,
                32.803013
              ],
              [
                -118.426731,
                32.803353
              ],
              [
                -118.427087,
                32.803884
              ],
              [
                -118.427277,
                32.8037
              ],
              [
                -118.427477,
                32.803865
              ],
              [
                -118.427577,
                32.803618
              ],
              [
                -118.427652,
                32.803839
              ],
              [
                -118.427944,
                32.803623
              ],
              [
                -118.428353,
                32.803772
              ],
              [
                -118.42874,
                32.80448
              ],
              [
                -118.428509,
                32.804482
              ],
              [
                -118.428525,
                32.804783
              ],
              [
                -118.428761,
                32.80513
              ],
              [
                -118.429191,
                32.805065
              ],
              [
                -118.429308,
                32.805449
              ],
              [
                -118.429118,
                32.805666
              ],
              [
                -118.428797,
                32.805303
              ],
              [
                -118.4283,
                32.805534
              ],
              [
                -118.428822,
                32.806277
              ],
              [
                -118.428499,
                32.806626
              ],
              [
                -118.428224,
                32.806507
              ],
              [
                -118.42785,
                32.80688
              ],
              [
                -118.427215,
                32.807043
              ],
              [
                -118.427364,
                32.807819
              ],
              [
                -118.427208,
                32.807994
              ],
              [
                -118.427728,
                32.808206
              ],
              [
                -118.427711,
                32.808827
              ],
              [
                -118.428195,
                32.808891
              ],
              [
                -118.428634,
                32.808654
              ],
              [
                -118.428445,
                32.808814
              ],
              [
                -118.42864,
                32.809223
              ],
              [
                -118.428392,
                32.809487
              ],
              [
                -118.428392,
                32.810046
              ],
              [
                -118.429398,
                32.809979
              ],
              [
                -118.429693,
                32.810504
              ],
              [
                -118.430069,
                32.810294
              ],
              [
                -118.430631,
                32.810426
              ],
              [
                -118.430268,
                32.811644
              ],
              [
                -118.430694,
                32.811822
              ],
              [
                -118.430879,
                32.812458
              ],
              [
                -118.431568,
                32.812726
              ],
              [
                -118.431307,
                32.813095
              ],
              [
                -118.431969,
                32.814155
              ],
              [
                -118.433712,
                32.815632
              ],
              [
                -118.435194,
                32.816331
              ],
              [
                -118.43699,
                32.816586
              ],
              [
                -118.437316,
                32.816084
              ],
              [
                -118.437481,
                32.816268
              ],
              [
                -118.437717,
                32.816066
              ],
              [
                -118.437698,
                32.815597
              ],
              [
                -118.437967,
                32.815692
              ],
              [
                -118.438517,
                32.814705
              ],
              [
                -118.439072,
                32.81488
              ],
              [
                -118.440006,
                32.816767
              ],
              [
                -118.440804,
                32.816954
              ],
              [
                -118.441543,
                32.817844
              ],
              [
                -118.4426,
                32.818341
              ],
              [
                -118.442602,
                32.81881
              ],
              [
                -118.443115,
                32.819443
              ],
              [
                -118.443912,
                32.819645
              ],
              [
                -118.44474,
                32.820631
              ],
              [
                -118.445248,
                32.820624
              ],
              [
                -118.445384,
                32.82033
              ],
              [
                -118.445708,
                32.820759
              ],
              [
                -118.446476,
                32.82077
              ],
              [
                -118.446898,
                32.820532
              ],
              [
                -118.447253,
                32.819652
              ],
              [
                -118.448667,
                32.819222
              ],
              [
                -118.449604,
                32.819245
              ],
              [
                -118.44985,
                32.819631
              ],
              [
                -118.450188,
                32.819697
              ],
              [
                -118.450406,
                32.820374
              ],
              [
                -118.450759,
                32.820513
              ],
              [
                -118.450984,
                32.821438
              ],
              [
                -118.45129,
                32.821375
              ],
              [
                -118.451195,
                32.821627
              ],
              [
                -118.452252,
                32.821981
              ],
              [
                -118.452498,
                32.822367
              ],
              [
                -118.45223,
                32.822516
              ],
              [
                -118.452422,
                32.82282
              ],
              [
                -118.452752,
                32.822672
              ],
              [
                -118.452616,
                32.822975
              ],
              [
                -118.452967,
                32.822966
              ],
              [
                -118.45304,
                32.823249
              ],
              [
                -118.453184,
                32.823122
              ],
              [
                -118.453615,
                32.823601
              ],
              [
                -118.453495,
                32.823934
              ],
              [
                -118.453722,
                32.824185
              ],
              [
                -118.453933,
                32.824078
              ],
              [
                -118.454222,
                32.824594
              ],
              [
                -118.453964,
                32.825087
              ],
              [
                -118.454372,
                32.825026
              ],
              [
                -118.454293,
                32.825292
              ],
              [
                -118.45446,
                32.825161
              ],
              [
                -118.454312,
                32.825799
              ],
              [
                -118.455015,
                32.825923
              ],
              [
                -118.45482,
                32.826384
              ],
              [
                -118.45535,
                32.826411
              ],
              [
                -118.455536,
                32.827006
              ],
              [
                -118.456409,
                32.827386
              ],
              [
                -118.457057,
                32.827442
              ],
              [
                -118.45718,
                32.827248
              ],
              [
                -118.458078,
                32.827772
              ],
              [
                -118.458558,
                32.827477
              ],
              [
                -118.45854,
                32.828117
              ],
              [
                -118.458838,
                32.827887
              ],
              [
                -118.458933,
                32.828529
              ],
              [
                -118.459533,
                32.828752
              ],
              [
                -118.45954,
                32.829287
              ],
              [
                -118.459978,
                32.829365
              ],
              [
                -118.460186,
                32.829741
              ],
              [
                -118.460082,
                32.830141
              ],
              [
                -118.460517,
                32.830409
              ],
              [
                -118.4605,
                32.831035
              ],
              [
                -118.460894,
                32.83138
              ],
              [
                -118.461412,
                32.830871
              ],
              [
                -118.461682,
                32.831176
              ],
              [
                -118.462526,
                32.831049
              ],
              [
                -118.462641,
                32.831232
              ],
              [
                -118.46244,
                32.831396
              ],
              [
                -118.462755,
                32.831467
              ],
              [
                -118.462682,
                32.831725
              ],
              [
                -118.462944,
                32.831604
              ],
              [
                -118.462984,
                32.83191
              ],
              [
                -118.463482,
                32.831812
              ],
              [
                -118.463818,
                32.832548
              ],
              [
                -118.46503,
                32.832918
              ],
              [
                -118.465524,
                32.832767
              ],
              [
                -118.465759,
                32.833195
              ],
              [
                -118.466422,
                32.833056
              ],
              [
                -118.466526,
                32.83355
              ],
              [
                -118.467216,
                32.833148
              ],
              [
                -118.467438,
                32.833343
              ],
              [
                -118.467972,
                32.833197
              ],
              [
                -118.467744,
                32.83359
              ],
              [
                -118.468236,
                32.833583
              ],
              [
                -118.468193,
                32.834041
              ],
              [
                -118.468933,
                32.834008
              ],
              [
                -118.468794,
                32.834221
              ],
              [
                -118.468955,
                32.834319
              ],
              [
                -118.469465,
                32.83424
              ],
              [
                -118.46957,
                32.834652
              ],
              [
                -118.469792,
                32.834541
              ],
              [
                -118.469607,
                32.835059
              ],
              [
                -118.469931,
                32.835269
              ],
              [
                -118.469631,
                32.835585
              ],
              [
                -118.470121,
                32.835649
              ],
              [
                -118.469946,
                32.836564
              ],
              [
                -118.470258,
                32.836196
              ],
              [
                -118.469721,
                32.837077
              ],
              [
                -118.469792,
                32.837498
              ],
              [
                -118.470036,
                32.837463
              ],
              [
                -118.470139,
                32.837694
              ],
              [
                -118.470044,
                32.837941
              ],
              [
                -118.470657,
                32.837429
              ],
              [
                -118.470802,
                32.83757
              ],
              [
                -118.470597,
                32.837954
              ],
              [
                -118.471009,
                32.837921
              ],
              [
                -118.470961,
                32.837768
              ],
              [
                -118.471404,
                32.83797
              ],
              [
                -118.471322,
                32.838389
              ],
              [
                -118.471899,
                32.839243
              ],
              [
                -118.472301,
                32.838866
              ],
              [
                -118.473516,
                32.839093
              ],
              [
                -118.473753,
                32.839387
              ],
              [
                -118.473162,
                32.840206
              ],
              [
                -118.473834,
                32.840182
              ],
              [
                -118.473752,
                32.840367
              ],
              [
                -118.473912,
                32.84023
              ],
              [
                -118.473943,
                32.840427
              ],
              [
                -118.474366,
                32.840437
              ],
              [
                -118.474832,
                32.841428
              ],
              [
                -118.47607,
                32.841684
              ],
              [
                -118.477772,
                32.841535
              ],
              [
                -118.478675,
                32.84214
              ],
              [
                -118.479707,
                32.842187
              ],
              [
                -118.480508,
                32.84194
              ],
              [
                -118.48098,
                32.842658
              ],
              [
                -118.481156,
                32.842594
              ],
              [
                -118.480976,
                32.842864
              ],
              [
                -118.481319,
                32.842949
              ],
              [
                -118.481106,
                32.843147
              ],
              [
                -118.48135,
                32.843385
              ],
              [
                -118.481868,
                32.843162
              ],
              [
                -118.482158,
                32.843348
              ],
              [
                -118.482775,
                32.842988
              ],
              [
                -118.482925,
                32.843129
              ],
              [
                -118.483201,
                32.842822
              ],
              [
                -118.483196,
                32.843133
              ],
              [
                -118.484042,
                32.842838
              ],
              [
                -118.484388,
                32.843388
              ],
              [
                -118.484033,
                32.843626
              ],
              [
                -118.48423,
                32.843983
              ],
              [
                -118.484083,
                32.844592
              ],
              [
                -118.484489,
                32.844584
              ],
              [
                -118.48423,
                32.844862
              ],
              [
                -118.484334,
                32.845031
              ],
              [
                -118.484741,
                32.844998
              ],
              [
                -118.48485,
                32.844603
              ],
              [
                -118.485002,
                32.844954
              ],
              [
                -118.485734,
                32.844471
              ],
              [
                -118.485916,
                32.844689
              ],
              [
                -118.485739,
                32.845054
              ],
              [
                -118.486112,
                32.844773
              ],
              [
                -118.486011,
                32.845005
              ],
              [
                -118.486258,
                32.845095
              ],
              [
                -118.487361,
                32.844383
              ],
              [
                -118.487401,
                32.844666
              ],
              [
                -118.487973,
                32.844855
              ],
              [
                -118.488395,
                32.844077
              ],
              [
                -118.488822,
                32.843878
              ],
              [
                -118.488813,
                32.84435
              ],
              [
                -118.489163,
                32.844355
              ],
              [
                -118.488927,
                32.844596
              ],
              [
                -118.489339,
                32.844432
              ],
              [
                -118.489306,
                32.844854
              ],
              [
                -118.489745,
                32.844998
              ],
              [
                -118.489672,
                32.846393
              ],
              [
                -118.49036,
                32.846455
              ],
              [
                -118.489513,
                32.846916
              ],
              [
                -118.489831,
                32.847102
              ],
              [
                -118.489406,
                32.847178
              ],
              [
                -118.489297,
                32.847563
              ],
              [
                -118.489724,
                32.84797
              ],
              [
                -118.490348,
                32.848122
              ],
              [
                -118.491452,
                32.849169
              ],
              [
                -118.491777,
                32.84903
              ],
              [
                -118.491961,
                32.849749
              ],
              [
                -118.492473,
                32.849823
              ],
              [
                -118.492701,
                32.849434
              ],
              [
                -118.49261,
                32.850197
              ],
              [
                -118.49296,
                32.850809
              ],
              [
                -118.494595,
                32.851242
              ],
              [
                -118.495167,
                32.851149
              ],
              [
                -118.4954,
                32.851396
              ],
              [
                -118.495881,
                32.85102
              ],
              [
                -118.496003,
                32.851418
              ],
              [
                -118.496289,
                32.85126
              ],
              [
                -118.496233,
                32.851488
              ],
              [
                -118.496554,
                32.851569
              ],
              [
                -118.497639,
                32.85123
              ],
              [
                -118.498211,
                32.851697
              ],
              [
                -118.498857,
                32.851591
              ],
              [
                -118.499118,
                32.851809
              ],
              [
                -118.4994,
                32.851569
              ],
              [
                -118.499263,
                32.85193
              ],
              [
                -118.500069,
                32.852314
              ],
              [
                -118.500632,
                32.852111
              ],
              [
                -118.500706,
                32.852681
              ],
              [
                -118.500406,
                32.852725
              ],
              [
                -118.499826,
                32.853825
              ],
              [
                -118.499176,
                32.854168
              ],
              [
                -118.499371,
                32.854304
              ],
              [
                -118.499218,
                32.854637
              ],
              [
                -118.499644,
                32.856625
              ],
              [
                -118.500574,
                32.857326
              ],
              [
                -118.500258,
                32.857599
              ],
              [
                -118.500404,
                32.858255
              ],
              [
                -118.500885,
                32.859098
              ],
              [
                -118.501301,
                32.859213
              ],
              [
                -118.501118,
                32.861136
              ],
              [
                -118.50205,
                32.861741
              ],
              [
                -118.501624,
                32.861869
              ],
              [
                -118.502061,
                32.862984
              ],
              [
                -118.50545,
                32.865361
              ],
              [
                -118.505907,
                32.866308
              ],
              [
                -118.506623,
                32.866967
              ],
              [
                -118.5062,
                32.867215
              ],
              [
                -118.506221,
                32.867607
              ],
              [
                -118.507143,
                32.868474
              ],
              [
                -118.507257,
                32.868705
              ],
              [
                -118.507067,
                32.868875
              ],
              [
                -118.507319,
                32.868988
              ],
              [
                -118.507033,
                32.86919
              ],
              [
                -118.507439,
                32.869252
              ],
              [
                -118.507323,
                32.869385
              ],
              [
                -118.507586,
                32.869512
              ],
              [
                -118.507372,
                32.869782
              ],
              [
                -118.507633,
                32.869714
              ],
              [
                -118.507495,
                32.870175
              ],
              [
                -118.507739,
                32.870097
              ],
              [
                -118.508082,
                32.870494
              ],
              [
                -118.508081,
                32.871464
              ],
              [
                -118.507697,
                32.871759
              ],
              [
                -118.508104,
                32.872071
              ],
              [
                -118.507586,
                32.872241
              ],
              [
                -118.507314,
                32.873212
              ],
              [
                -118.507484,
                32.873501
              ],
              [
                -118.508388,
                32.873484
              ],
              [
                -118.50753,
                32.873759
              ],
              [
                -118.507633,
                32.87398
              ],
              [
                -118.507359,
                32.874435
              ],
              [
                -118.506706,
                32.874613
              ],
              [
                -118.506923,
                32.875094
              ],
              [
                -118.506624,
                32.875109
              ],
              [
                -118.506993,
                32.875319
              ],
              [
                -118.507242,
                32.875862
              ],
              [
                -118.506806,
                32.875957
              ],
              [
                -118.506637,
                32.876241
              ],
              [
                -118.506801,
                32.876506
              ],
              [
                -118.506352,
                32.876945
              ],
              [
                -118.506667,
                32.877044
              ],
              [
                -118.506978,
                32.877608
              ],
              [
                -118.506757,
                32.877963
              ],
              [
                -118.507353,
                32.878396
              ],
              [
                -118.507921,
                32.878246
              ],
              [
                -118.507503,
                32.87857
              ],
              [
                -118.507561,
                32.878748
              ],
              [
                -118.50846,
                32.879042
              ],
              [
                -118.508228,
                32.879335
              ],
              [
                -118.508407,
                32.879452
              ],
              [
                -118.508864,
                32.879176
              ],
              [
                -118.508663,
                32.879656
              ],
              [
                -118.508907,
                32.879602
              ],
              [
                -118.508711,
                32.879786
              ],
              [
                -118.509035,
                32.88
              ],
              [
                -118.509622,
                32.879726
              ],
              [
                -118.5097,
                32.880367
              ],
              [
                -118.510028,
                32.880692
              ],
              [
                -118.510388,
                32.880754
              ],
              [
                -118.510819,
                32.880373
              ],
              [
                -118.510941,
                32.880785
              ],
              [
                -118.511112,
                32.880673
              ],
              [
                -118.511086,
                32.880887
              ],
              [
                -118.511721,
                32.88103
              ],
              [
                -118.512146,
                32.881594
              ],
              [
                -118.515251,
                32.882923
              ],
              [
                -118.51643,
                32.883015
              ],
              [
                -118.516888,
                32.88358
              ],
              [
                -118.517021,
                32.884351
              ],
              [
                -118.51786,
                32.884467
              ],
              [
                -118.518447,
                32.885101
              ],
              [
                -118.519234,
                32.885307
              ],
              [
                -118.520395,
                32.884668
              ],
              [
                -118.520432,
                32.885447
              ],
              [
                -118.519704,
                32.886002
              ],
              [
                -118.519384,
                32.885586
              ],
              [
                -118.51941,
                32.886332
              ],
              [
                -118.51883,
                32.88652
              ],
              [
                -118.518585,
                32.886379
              ],
              [
                -118.518392,
                32.886696
              ],
              [
                -118.518013,
                32.886744
              ],
              [
                -118.518076,
                32.886988
              ],
              [
                -118.518532,
                32.887099
              ],
              [
                -118.518301,
                32.887665
              ],
              [
                -118.518347,
                32.887933
              ],
              [
                -118.518595,
                32.887955
              ],
              [
                -118.518445,
                32.888135
              ],
              [
                -118.519393,
                32.888797
              ],
              [
                -118.52092,
                32.889333
              ],
              [
                -118.520927,
                32.890461
              ],
              [
                -118.521695,
                32.890794
              ],
              [
                -118.522133,
                32.890625
              ],
              [
                -118.522333,
                32.89143
              ],
              [
                -118.524233,
                32.892566
              ],
              [
                -118.524544,
                32.893168
              ],
              [
                -118.524451,
                32.893577
              ],
              [
                -118.524829,
                32.893945
              ],
              [
                -118.524355,
                32.894508
              ],
              [
                -118.524548,
                32.895361
              ],
              [
                -118.525899,
                32.896592
              ],
              [
                -118.526249,
                32.896597
              ],
              [
                -118.52611,
                32.896786
              ],
              [
                -118.526608,
                32.897657
              ],
              [
                -118.527398,
                32.897988
              ],
              [
                -118.527711,
                32.898674
              ],
              [
                -118.528837,
                32.899621
              ],
              [
                -118.528956,
                32.900535
              ],
              [
                -118.529448,
                32.901158
              ],
              [
                -118.528736,
                32.901727
              ],
              [
                -118.528769,
                32.902401
              ],
              [
                -118.529244,
                32.903325
              ],
              [
                -118.52982,
                32.903337
              ],
              [
                -118.529763,
                32.904005
              ],
              [
                -118.53031,
                32.904065
              ],
              [
                -118.530399,
                32.904725
              ],
              [
                -118.531257,
                32.906017
              ],
              [
                -118.533583,
                32.907658
              ],
              [
                -118.534903,
                32.907465
              ],
              [
                -118.535119,
                32.90709
              ],
              [
                -118.535246,
                32.907273
              ],
              [
                -118.535285,
                32.906973
              ],
              [
                -118.535406,
                32.907466
              ],
              [
                -118.535675,
                32.907575
              ],
              [
                -118.53624,
                32.907143
              ],
              [
                -118.536004,
                32.906122
              ],
              [
                -118.536572,
                32.906292
              ],
              [
                -118.536519,
                32.906003
              ],
              [
                -118.536911,
                32.905632
              ],
              [
                -118.536944,
                32.906039
              ],
              [
                -118.537217,
                32.905894
              ],
              [
                -118.537631,
                32.906779
              ],
              [
                -118.538337,
                32.90706
              ],
              [
                -118.537987,
                32.908006
              ],
              [
                -118.53855,
                32.90809
              ],
              [
                -118.539149,
                32.907816
              ],
              [
                -118.538788,
                32.908399
              ],
              [
                -118.538856,
                32.909014
              ],
              [
                -118.538593,
                32.909469
              ],
              [
                -118.539243,
                32.908847
              ],
              [
                -118.539456,
                32.909227
              ],
              [
                -118.540202,
                32.909242
              ],
              [
                -118.540122,
                32.909919
              ],
              [
                -118.540344,
                32.909865
              ],
              [
                -118.540302,
                32.909625
              ],
              [
                -118.540491,
                32.909814
              ],
              [
                -118.540697,
                32.909669
              ],
              [
                -118.541204,
                32.910086
              ],
              [
                -118.540826,
                32.910133
              ],
              [
                -118.540921,
                32.910329
              ],
              [
                -118.541859,
                32.910415
              ],
              [
                -118.541494,
                32.910582
              ],
              [
                -118.541551,
                32.910879
              ],
              [
                -118.540901,
                32.911024
              ],
              [
                -118.540957,
                32.911363
              ],
              [
                -118.541518,
                32.911423
              ],
              [
                -118.540412,
                32.911982
              ],
              [
                -118.540349,
                32.912316
              ],
              [
                -118.540585,
                32.912409
              ],
              [
                -118.540142,
                32.912834
              ],
              [
                -118.540355,
                32.913854
              ],
              [
                -118.540684,
                32.914097
              ],
              [
                -118.540208,
                32.914808
              ],
              [
                -118.540233,
                32.916246
              ],
              [
                -118.540975,
                32.916772
              ],
              [
                -118.541349,
                32.9167
              ],
              [
                -118.541934,
                32.917477
              ],
              [
                -118.542926,
                32.917619
              ],
              [
                -118.543192,
                32.917919
              ],
              [
                -118.543674,
                32.917805
              ],
              [
                -118.54424,
                32.918353
              ],
              [
                -118.545374,
                32.918171
              ],
              [
                -118.545834,
                32.917757
              ],
              [
                -118.545851,
                32.917442
              ],
              [
                -118.545939,
                32.917859
              ],
              [
                -118.546338,
                32.917974
              ],
              [
                -118.546439,
                32.917707
              ],
              [
                -118.547185,
                32.918214
              ],
              [
                -118.547136,
                32.918589
              ],
              [
                -118.546811,
                32.9184
              ],
              [
                -118.546844,
                32.918745
              ],
              [
                -118.54611,
                32.918386
              ],
              [
                -118.545043,
                32.918984
              ],
              [
                -118.545142,
                32.91942
              ],
              [
                -118.544945,
                32.919728
              ],
              [
                -118.545251,
                32.919947
              ],
              [
                -118.544672,
                32.920088
              ],
              [
                -118.544836,
                32.920701
              ],
              [
                -118.544268,
                32.921501
              ],
              [
                -118.544284,
                32.921893
              ],
              [
                -118.544742,
                32.922172
              ],
              [
                -118.544731,
                32.923089
              ],
              [
                -118.543837,
                32.923784
              ],
              [
                -118.543797,
                32.924109
              ],
              [
                -118.544226,
                32.924444
              ],
              [
                -118.54415,
                32.924887
              ],
              [
                -118.544695,
                32.924751
              ],
              [
                -118.544649,
                32.925448
              ],
              [
                -118.544919,
                32.925475
              ],
              [
                -118.544672,
                32.925725
              ],
              [
                -118.544953,
                32.925801
              ],
              [
                -118.544904,
                32.925981
              ],
              [
                -118.545071,
                32.925859
              ],
              [
                -118.544906,
                32.926206
              ],
              [
                -118.545174,
                32.926988
              ],
              [
                -118.545992,
                32.928036
              ],
              [
                -118.546023,
                32.928805
              ],
              [
                -118.546567,
                32.929342
              ],
              [
                -118.546866,
                32.930321
              ],
              [
                -118.547908,
                32.932059
              ],
              [
                -118.549402,
                32.933225
              ],
              [
                -118.548896,
                32.934002
              ],
              [
                -118.549191,
                32.934608
              ],
              [
                -118.548957,
                32.934997
              ],
              [
                -118.549067,
                32.93518
              ],
              [
                -118.549308,
                32.935001
              ],
              [
                -118.549462,
                32.935247
              ],
              [
                -118.549057,
                32.935428
              ],
              [
                -118.549238,
                32.935722
              ],
              [
                -118.549864,
                32.9355
              ],
              [
                -118.549961,
                32.93575
              ],
              [
                -118.549597,
                32.935913
              ],
              [
                -118.549777,
                32.937506
              ],
              [
                -118.549366,
                32.938356
              ],
              [
                -118.549895,
                32.939074
              ],
              [
                -118.549515,
                32.939184
              ],
              [
                -118.549762,
                32.939861
              ],
              [
                -118.550503,
                32.940171
              ],
              [
                -118.550186,
                32.94021
              ],
              [
                -118.550293,
                32.940556
              ],
              [
                -118.550536,
                32.940511
              ],
              [
                -118.550276,
                32.941802
              ],
              [
                -118.550688,
                32.942152
              ],
              [
                -118.550267,
                32.942605
              ],
              [
                -118.550851,
                32.942818
              ],
              [
                -118.550869,
                32.943047
              ],
              [
                -118.550511,
                32.943143
              ],
              [
                -118.550823,
                32.943429
              ],
              [
                -118.550811,
                32.943749
              ],
              [
                -118.551042,
                32.943785
              ],
              [
                -118.550796,
                32.944895
              ],
              [
                -118.551275,
                32.945618
              ],
              [
                -118.551728,
                32.945567
              ],
              [
                -118.551738,
                32.945963
              ],
              [
                -118.55248,
                32.946513
              ],
              [
                -118.552687,
                32.94696
              ],
              [
                -118.552566,
                32.947407
              ],
              [
                -118.552921,
                32.94745
              ],
              [
                -118.552888,
                32.947708
              ],
              [
                -118.553814,
                32.948732
              ],
              [
                -118.554086,
                32.948659
              ],
              [
                -118.554534,
                32.95018
              ],
              [
                -118.556365,
                32.950848
              ],
              [
                -118.556288,
                32.951344
              ],
              [
                -118.55666,
                32.951688
              ],
              [
                -118.556227,
                32.952509
              ],
              [
                -118.556626,
                32.952992
              ],
              [
                -118.557324,
                32.953144
              ],
              [
                -118.557165,
                32.953491
              ],
              [
                -118.557424,
                32.953891
              ],
              [
                -118.557323,
                32.954114
              ],
              [
                -118.558076,
                32.954692
              ],
              [
                -118.557953,
                32.954963
              ],
              [
                -118.558359,
                32.95502
              ],
              [
                -118.558184,
                32.955601
              ],
              [
                -118.558546,
                32.955596
              ],
              [
                -118.558042,
                32.955996
              ],
              [
                -118.558458,
                32.956101
              ],
              [
                -118.558306,
                32.956372
              ],
              [
                -118.558751,
                32.956492
              ],
              [
                -118.558935,
                32.95628
              ],
              [
                -118.5591,
                32.956563
              ],
              [
                -118.559299,
                32.956509
              ],
              [
                -118.55973,
                32.957384
              ],
              [
                -118.562164,
                32.958762
              ],
              [
                -118.562641,
                32.959279
              ],
              [
                -118.564288,
                32.959859
              ],
              [
                -118.564568,
                32.960326
              ],
              [
                -118.564422,
                32.960573
              ],
              [
                -118.565079,
                32.961126
              ],
              [
                -118.565868,
                32.96256
              ],
              [
                -118.566308,
                32.962575
              ],
              [
                -118.566819,
                32.963097
              ],
              [
                -118.568779,
                32.963519
              ],
              [
                -118.569281,
                32.963941
              ],
              [
                -118.56954,
                32.965079
              ],
              [
                -118.571336,
                32.966962
              ],
              [
                -118.571315,
                32.967822
              ],
              [
                -118.572593,
                32.968111
              ],
              [
                -118.573342,
                32.968961
              ],
              [
                -118.573489,
                32.971471
              ],
              [
                -118.574711,
                32.972413
              ],
              [
                -118.575127,
                32.974148
              ],
              [
                -118.576578,
                32.976841
              ],
              [
                -118.577063,
                32.978491
              ],
              [
                -118.576307,
                32.980622
              ],
              [
                -118.577344,
                32.983984
              ],
              [
                -118.577268,
                32.984761
              ],
              [
                -118.576588,
                32.985823
              ],
              [
                -118.576579,
                32.986276
              ],
              [
                -118.57747,
                32.98709
              ],
              [
                -118.57821,
                32.987463
              ],
              [
                -118.578495,
                32.987361
              ],
              [
                -118.578151,
                32.987577
              ],
              [
                -118.578236,
                32.987888
              ],
              [
                -118.579169,
                32.988239
              ],
              [
                -118.579152,
                32.988583
              ],
              [
                -118.579675,
                32.988757
              ],
              [
                -118.579742,
                32.989761
              ],
              [
                -118.580013,
                32.989755
              ],
              [
                -118.579849,
                32.990092
              ],
              [
                -118.580602,
                32.990388
              ],
              [
                -118.580545,
                32.990693
              ],
              [
                -118.580812,
                32.99125
              ],
              [
                -118.580994,
                32.991205
              ],
              [
                -118.581332,
                32.992556
              ],
              [
                -118.58176,
                32.993302
              ],
              [
                -118.582268,
                32.993385
              ],
              [
                -118.58216,
                32.993732
              ],
              [
                -118.581488,
                32.993963
              ],
              [
                -118.581199,
                32.994633
              ],
              [
                -118.581732,
                32.995213
              ],
              [
                -118.582331,
                32.996524
              ],
              [
                -118.583259,
                32.996861
              ],
              [
                -118.5829,
                32.997329
              ],
              [
                -118.583208,
                32.998771
              ],
              [
                -118.583215,
                33.000257
              ],
              [
                -118.58366,
                33.001012
              ],
              [
                -118.583483,
                33.002214
              ],
              [
                -118.583969,
                33.002746
              ],
              [
                -118.584015,
                33.003644
              ],
              [
                -118.584499,
                33.003583
              ],
              [
                -118.585555,
                33.00476
              ],
              [
                -118.585851,
                33.004761
              ],
              [
                -118.585744,
                33.005047
              ],
              [
                -118.586065,
                33.005141
              ],
              [
                -118.585888,
                33.005899
              ],
              [
                -118.586702,
                33.007227
              ],
              [
                -118.586815,
                33.00848
              ],
              [
                -118.587653,
                33.008778
              ],
              [
                -118.588037,
                33.009203
              ],
              [
                -118.587899,
                33.009918
              ],
              [
                -118.588182,
                33.010528
              ],
              [
                -118.59034,
                33.011697
              ],
              [
                -118.590862,
                33.012229
              ],
              [
                -118.592169,
                33.012556
              ],
              [
                -118.593296,
                33.012192
              ],
              [
                -118.59368,
                33.013172
              ],
              [
                -118.593929,
                33.013189
              ],
              [
                -118.593761,
                33.013698
              ],
              [
                -118.594086,
                33.013903
              ],
              [
                -118.594473,
                33.013803
              ],
              [
                -118.594784,
                33.014093
              ],
              [
                -118.595678,
                33.015724
              ],
              [
                -118.596394,
                33.016191
              ],
              [
                -118.59693,
                33.01627
              ],
              [
                -118.59757,
                33.015747
              ],
              [
                -118.598237,
                33.015608
              ],
              [
                -118.599597,
                33.015811
              ],
              [
                -118.601392,
                33.015102
              ],
              [
                -118.602095,
                33.014385
              ],
              [
                -118.602608,
                33.014487
              ],
              [
                -118.602703,
                33.014244
              ],
              [
                -118.604002,
                33.014662
              ],
              [
                -118.60612,
                33.014545
              ],
              [
                -118.606388,
                33.014773
              ],
              [
                -118.60618,
                33.015042
              ],
              [
                -118.606427,
                33.015112
              ],
              [
                -118.606206,
                33.015167
              ],
              [
                -118.606405,
                33.015432
              ],
              [
                -118.606095,
                33.015686
              ],
              [
                -118.606376,
                33.016139
              ],
              [
                -118.606147,
                33.016265
              ],
              [
                -118.606245,
                33.016801
              ],
              [
                -118.605557,
                33.018006
              ],
              [
                -118.605734,
                33.018844
              ],
              [
                -118.605446,
                33.01949
              ],
              [
                -118.605781,
                33.020053
              ],
              [
                -118.605693,
                33.020563
              ],
              [
                -118.606024,
                33.021365
              ],
              [
                -118.605747,
                33.021715
              ],
              [
                -118.605884,
                33.0223
              ],
              [
                -118.605299,
                33.022713
              ],
              [
                -118.605203,
                33.023056
              ],
              [
                -118.605588,
                33.023677
              ],
              [
                -118.605225,
                33.024398
              ],
              [
                -118.605631,
                33.0248
              ],
              [
                -118.604951,
                33.026167
              ],
              [
                -118.604975,
                33.02965
              ],
              [
                -118.605585,
                33.031303
              ],
              [
                -118.606732,
                33.032033
              ],
              [
                -118.604485,
                33.032044
              ],
              [
                -118.601513,
                33.032451
              ],
              [
                -118.601157,
                33.032733
              ]
            ]
          ],
          [
            [
              [
                -118.418378,
                33.761021
              ],
              [
                -118.417763,
                33.761672
              ],
              [
                -118.417957,
                33.76237
              ],
              [
                -118.403674,
                33.764249
              ],
              [
                -118.403698,
                33.781754
              ],
              [
                -118.387111,
                33.781771
              ],
              [
                -118.384211,
                33.793424
              ],
              [
                -118.383018,
                33.793219
              ],
              [
                -118.382048,
                33.793525
              ],
              [
                -118.380906,
                33.793433
              ],
              [
                -118.379012,
                33.794629
              ],
              [
                -118.378715,
                33.795191
              ],
              [
                -118.377619,
                33.794775
              ],
              [
                -118.371774,
                33.794586
              ],
              [
                -118.36983,
                33.79473
              ],
              [
                -118.369139,
                33.795045
              ],
              [
                -118.368826,
                33.794154
              ],
              [
                -118.367497,
                33.79415
              ],
              [
                -118.367099,
                33.794674
              ],
              [
                -118.367144,
                33.795206
              ],
              [
                -118.351068,
                33.795205
              ],
              [
                -118.333566,
                33.780456
              ],
              [
                -118.329729,
                33.780444
              ],
              [
                -118.329714,
                33.783439
              ],
              [
                -118.325014,
                33.783094
              ],
              [
                -118.324851,
                33.782716
              ],
              [
                -118.323151,
                33.782521
              ],
              [
                -118.323164,
                33.785865
              ],
              [
                -118.325517,
                33.785858
              ],
              [
                -118.325516,
                33.786203
              ],
              [
                -118.327796,
                33.786198
              ],
              [
                -118.327791,
                33.787253
              ],
              [
                -118.328674,
                33.787338
              ],
              [
                -118.328631,
                33.788989
              ],
              [
                -118.327794,
                33.789
              ],
              [
                -118.327732,
                33.788522
              ],
              [
                -118.326244,
                33.788525
              ],
              [
                -118.326431,
                33.79027
              ],
              [
                -118.328125,
                33.790362
              ],
              [
                -118.328092,
                33.800774
              ],
              [
                -118.325954,
                33.800857
              ],
              [
                -118.325944,
                33.803325
              ],
              [
                -118.328066,
                33.80337
              ],
              [
                -118.328055,
                33.806854
              ],
              [
                -118.319847,
                33.806861
              ],
              [
                -118.319714,
                33.807655
              ],
              [
                -118.311711,
                33.807642
              ],
              [
                -118.311671,
                33.802224
              ],
              [
                -118.308797,
                33.802214
              ],
              [
                -118.309038,
                33.782215
              ],
              [
                -118.309748,
                33.781942
              ],
              [
                -118.309363,
                33.779229
              ],
              [
                -118.307895,
                33.779554
              ],
              [
                -118.306429,
                33.774958
              ],
              [
                -118.308925,
                33.774963
              ],
              [
                -118.308871,
                33.772472
              ],
              [
                -118.311675,
                33.762862
              ],
              [
                -118.309034,
                33.762538
              ],
              [
                -118.309039,
                33.760511
              ],
              [
                -118.301887,
                33.760513
              ],
              [
                -118.301016,
                33.757722
              ],
              [
                -118.309089,
                33.757728
              ],
              [
                -118.309452,
                33.74679
              ],
              [
                -118.311107,
                33.7468
              ],
              [
                -118.311103,
                33.747294
              ],
              [
                -118.312172,
                33.747301
              ],
              [
                -118.312178,
                33.746805
              ],
              [
                -118.318451,
                33.746842
              ],
              [
                -118.318492,
                33.742617
              ],
              [
                -118.319611,
                33.742624
              ],
              [
                -118.320034,
                33.741423
              ],
              [
                -118.319821,
                33.740965
              ],
              [
                -118.318909,
                33.740304
              ],
              [
                -118.318973,
                33.738096
              ],
              [
                -118.318512,
                33.737467
              ],
              [
                -118.318526,
                33.736366
              ],
              [
                -118.318944,
                33.736594
              ],
              [
                -118.320387,
                33.735768
              ],
              [
                -118.320315,
                33.735439
              ],
              [
                -118.318545,
                33.735238
              ],
              [
                -118.318541,
                33.731982
              ],
              [
                -118.319852,
                33.731983
              ],
              [
                -118.320118,
                33.731441
              ],
              [
                -118.320941,
                33.731033
              ],
              [
                -118.321012,
                33.729397
              ],
              [
                -118.328474,
                33.729424
              ],
              [
                -118.33301,
                33.721917
              ],
              [
                -118.335433,
                33.722503
              ],
              [
                -118.337192,
                33.723556
              ],
              [
                -118.339975,
                33.724043
              ],
              [
                -118.340913,
                33.724602
              ],
              [
                -118.341807,
                33.725511
              ],
              [
                -118.343038,
                33.726147
              ],
              [
                -118.344609,
                33.726151
              ],
              [
                -118.348473,
                33.727074
              ],
              [
                -118.351421,
                33.727122
              ],
              [
                -118.352276,
                33.727765
              ],
              [
                -118.353017,
                33.729045
              ],
              [
                -118.35477,
                33.730753
              ],
              [
                -118.35546,
                33.732003
              ],
              [
                -118.357144,
                33.73411
              ],
              [
                -118.35795,
                33.734451
              ],
              [
                -118.36193,
                33.737208
              ],
              [
                -118.364223,
                33.737961
              ],
              [
                -118.3662,
                33.7382
              ],
              [
                -118.36846,
                33.737509
              ],
              [
                -118.368568,
                33.736107
              ],
              [
                -118.368874,
                33.736118
              ],
              [
                -118.368955,
                33.736447
              ],
              [
                -118.369157,
                33.736119
              ],
              [
                -118.369433,
                33.73613
              ],
              [
                -118.369422,
                33.736375
              ],
              [
                -118.369954,
                33.736126
              ],
              [
                -118.369901,
                33.736966
              ],
              [
                -118.369648,
                33.737019
              ],
              [
                -118.369865,
                33.737696
              ],
              [
                -118.370889,
                33.738283
              ],
              [
                -118.37187,
                33.738392
              ],
              [
                -118.372958,
                33.73816
              ],
              [
                -118.373635,
                33.737347
              ],
              [
                -118.373413,
                33.736906
              ],
              [
                -118.373581,
                33.736603
              ],
              [
                -118.374146,
                33.736702
              ],
              [
                -118.374152,
                33.737092
              ],
              [
                -118.374759,
                33.736836
              ],
              [
                -118.375256,
                33.7371
              ],
              [
                -118.375376,
                33.737746
              ],
              [
                -118.375055,
                33.738169
              ],
              [
                -118.375016,
                33.738798
              ],
              [
                -118.375606,
                33.739672
              ],
              [
                -118.378286,
                33.741226
              ],
              [
                -118.380674,
                33.742069
              ],
              [
                -118.382168,
                33.742236
              ],
              [
                -118.385244,
                33.741932
              ],
              [
                -118.38721,
                33.740513
              ],
              [
                -118.389301,
                33.739496
              ],
              [
                -118.391581,
                33.739616
              ],
              [
                -118.392254,
                33.739434
              ],
              [
                -118.392859,
                33.738975
              ],
              [
                -118.393051,
                33.738325
              ],
              [
                -118.393187,
                33.738633
              ],
              [
                -118.394297,
                33.738494
              ],
              [
                -118.395347,
                33.737959
              ],
              [
                -118.396703,
                33.736488
              ],
              [
                -118.397939,
                33.736134
              ],
              [
                -118.398866,
                33.736188
              ],
              [
                -118.399679,
                33.73661
              ],
              [
                -118.400435,
                33.737352
              ],
              [
                -118.400688,
                33.738183
              ],
              [
                -118.401369,
                33.738718
              ],
              [
                -118.402374,
                33.738616
              ],
              [
                -118.402724,
                33.738845
              ],
              [
                -118.402936,
                33.738666
              ],
              [
                -118.40303,
                33.738915
              ],
              [
                -118.402711,
                33.738988
              ],
              [
                -118.4026,
                33.73996
              ],
              [
                -118.4033,
                33.740733
              ],
              [
                -118.405855,
                33.741476
              ],
              [
                -118.406422,
                33.741426
              ],
              [
                -118.406724,
                33.741088
              ],
              [
                -118.40685,
                33.741321
              ],
              [
                -118.409823,
                33.740932
              ],
              [
                -118.411526,
                33.741135
              ],
              [
                -118.411612,
                33.741746
              ],
              [
                -118.411073,
                33.742758
              ],
              [
                -118.411127,
                33.743281
              ],
              [
                -118.412227,
                33.744309
              ],
              [
                -118.413797,
                33.746905
              ],
              [
                -118.413141,
                33.748983
              ],
              [
                -118.413243,
                33.749871
              ],
              [
                -118.414379,
                33.751257
              ],
              [
                -118.41479,
                33.751535
              ],
              [
                -118.415117,
                33.751537
              ],
              [
                -118.415099,
                33.751355
              ],
              [
                -118.415328,
                33.751515
              ],
              [
                -118.414838,
                33.751592
              ],
              [
                -118.413754,
                33.752405
              ],
              [
                -118.413511,
                33.752804
              ],
              [
                -118.413579,
                33.753367
              ],
              [
                -118.4146,
                33.754134
              ],
              [
                -118.415262,
                33.753954
              ],
              [
                -118.416253,
                33.754299
              ],
              [
                -118.416201,
                33.754814
              ],
              [
                -118.41647,
                33.755104
              ],
              [
                -118.415842,
                33.756092
              ],
              [
                -118.416222,
                33.756448
              ],
              [
                -118.416513,
                33.756336
              ],
              [
                -118.416843,
                33.757245
              ],
              [
                -118.417084,
                33.757046
              ],
              [
                -118.417279,
                33.757236
              ],
              [
                -118.417042,
                33.757346
              ],
              [
                -118.417632,
                33.757602
              ],
              [
                -118.41764,
                33.757805
              ],
              [
                -118.417159,
                33.758065
              ],
              [
                -118.41739,
                33.758317
              ],
              [
                -118.417489,
                33.759501
              ],
              [
                -118.418688,
                33.760224
              ],
              [
                -118.419062,
                33.759827
              ],
              [
                -118.419243,
                33.760227
              ],
              [
                -118.419007,
                33.760229
              ],
              [
                -118.418721,
                33.760961
              ],
              [
                -118.418378,
                33.761021
              ]
            ]
          ],
          [
            [
              [
                -118.379621,
                34.011508
              ],
              [
                -118.372859,
                34.011917
              ],
              [
                -118.37265,
                34.015831
              ],
              [
                -118.36672,
                34.015613
              ],
              [
                -118.367175,
                34.007066
              ],
              [
                -118.366225,
                34.006346
              ],
              [
                -118.365021,
                34.005549
              ],
              [
                -118.362641,
                34.006316
              ],
              [
                -118.3621,
                34.006882
              ],
              [
                -118.361982,
                34.007481
              ],
              [
                -118.36144,
                34.0077
              ],
              [
                -118.361436,
                34.008331
              ],
              [
                -118.357813,
                34.009127
              ],
              [
                -118.357755,
                34.007184
              ],
              [
                -118.359374,
                34.00155
              ],
              [
                -118.358546,
                33.999541
              ],
              [
                -118.358106,
                33.997379
              ],
              [
                -118.357733,
                33.997103
              ],
              [
                -118.356987,
                33.997854
              ],
              [
                -118.35667,
                33.999479
              ],
              [
                -118.355823,
                34.00093
              ],
              [
                -118.354249,
                34.002074
              ],
              [
                -118.352031,
                34.004252
              ],
              [
                -118.350658,
                34.004958
              ],
              [
                -118.349112,
                34.005071
              ],
              [
                -118.345967,
                34.004612
              ],
              [
                -118.341834,
                34.004712
              ],
              [
                -118.338428,
                34.006334
              ],
              [
                -118.3376,
                34.007006
              ],
              [
                -118.337343,
                34.006928
              ],
              [
                -118.336701,
                34.00765
              ],
              [
                -118.335679,
                34.008107
              ],
              [
                -118.335032,
                34.006183
              ],
              [
                -118.333868,
                34.004572
              ],
              [
                -118.331958,
                34.002725
              ],
              [
                -118.331486,
                34.001491
              ],
              [
                -118.331631,
                33.996334
              ],
              [
                -118.337283,
                33.996306
              ],
              [
                -118.337256,
                33.989474
              ],
              [
                -118.337774,
                33.98947
              ],
              [
                -118.337775,
                33.988979
              ],
              [
                -118.337254,
                33.988983
              ],
              [
                -118.337252,
                33.988497
              ],
              [
                -118.342485,
                33.988488
              ],
              [
                -118.342487,
                33.989415
              ],
              [
                -118.35268,
                33.989335
              ],
              [
                -118.352684,
                33.98306
              ],
              [
                -118.37587,
                33.982865
              ],
              [
                -118.376733,
                33.982588
              ],
              [
                -118.37617,
                33.981534
              ],
              [
                -118.374502,
                33.979775
              ],
              [
                -118.371821,
                33.979928
              ],
              [
                -118.37181,
                33.977236
              ],
              [
                -118.377176,
                33.976943
              ],
              [
                -118.380146,
                33.976292
              ],
              [
                -118.386031,
                33.976616
              ],
              [
                -118.386542,
                33.97689
              ],
              [
                -118.385464,
                33.978467
              ],
              [
                -118.384793,
                33.978435
              ],
              [
                -118.378935,
                33.988848
              ],
              [
                -118.379005,
                33.992296
              ],
              [
                -118.38252,
                33.990936
              ],
              [
                -118.382544,
                33.9891
              ],
              [
                -118.387659,
                33.989103
              ],
              [
                -118.383615,
                33.99217
              ],
              [
                -118.386033,
                33.993486
              ],
              [
                -118.385153,
                33.996401
              ],
              [
                -118.384043,
                33.996212
              ],
              [
                -118.382714,
                34.000401
              ],
              [
                -118.390889,
                34.001864
              ],
              [
                -118.38733,
                34.009687
              ],
              [
                -118.385162,
                34.012595
              ],
              [
                -118.379621,
                34.011508
              ]
            ]
          ],
          [
            [
              [
                -118.317767,
                33.930709
              ],
              [
                -118.317737,
                33.945459
              ],
              [
                -118.313373,
                33.945458
              ],
              [
                -118.313389,
                33.938211
              ],
              [
                -118.309027,
                33.938208
              ],
              [
                -118.309014,
                33.941831
              ],
              [
                -118.305192,
                33.941837
              ],
              [
                -118.30518,
                33.945465
              ],
              [
                -118.302454,
                33.945472
              ],
              [
                -118.30245,
                33.950004
              ],
              [
                -118.300258,
                33.950011
              ],
              [
                -118.300262,
                33.959288
              ],
              [
                -118.291595,
                33.959492
              ],
              [
                -118.291624,
                33.916421
              ],
              [
                -118.314228,
                33.916444
              ],
              [
                -118.314595,
                33.918536
              ],
              [
                -118.315334,
                33.918535
              ],
              [
                -118.317707,
                33.91768
              ],
              [
                -118.317789,
                33.921664
              ],
              [
                -118.313423,
                33.92353
              ],
              [
                -118.313404,
                33.93071
              ],
              [
                -118.317767,
                33.930709
              ]
            ]
          ],
          [
            [
              [
                -118.2991,
                33.813586
              ],
              [
                -118.299093,
                33.846366
              ],
              [
                -118.286188,
                33.846343
              ],
              [
                -118.286193,
                33.852254
              ],
              [
                -118.285291,
                33.852252
              ],
              [
                -118.285268,
                33.854156
              ],
              [
                -118.290649,
                33.854154
              ],
              [
                -118.290658,
                33.858637
              ],
              [
                -118.285942,
                33.860741
              ],
              [
                -118.285941,
                33.860444
              ],
              [
                -118.285587,
                33.860525
              ],
              [
                -118.285435,
                33.860966
              ],
              [
                -118.281466,
                33.862737
              ],
              [
                -118.282086,
                33.923198
              ],
              [
                -118.278032,
                33.923185
              ],
              [
                -118.278047,
                33.922629
              ],
              [
                -118.277643,
                33.922563
              ],
              [
                -118.277333,
                33.923183
              ],
              [
                -118.253598,
                33.923093
              ],
              [
                -118.253551,
                33.927298
              ],
              [
                -118.253815,
                33.927298
              ],
              [
                -118.253805,
                33.928127
              ],
              [
                -118.25353,
                33.92854
              ],
              [
                -118.254216,
                33.929391
              ],
              [
                -118.239144,
                33.929452
              ],
              [
                -118.230239,
                33.928925
              ],
              [
                -118.230831,
                33.931689
              ],
              [
                -118.228645,
                33.939007
              ],
              [
                -118.22948,
                33.943015
              ],
              [
                -118.227422,
                33.943005
              ],
              [
                -118.22687,
                33.940087
              ],
              [
                -118.22308,
                33.939673
              ],
              [
                -118.223343,
                33.937944
              ],
              [
                -118.214183,
                33.936992
              ],
              [
                -118.214125,
                33.937397
              ],
              [
                -118.214332,
                33.937421
              ],
              [
                -118.214276,
                33.937812
              ],
              [
                -118.2145,
                33.937972
              ],
              [
                -118.214747,
                33.939332
              ],
              [
                -118.214938,
                33.939352
              ],
              [
                -118.215051,
                33.940297
              ],
              [
                -118.215237,
                33.940319
              ],
              [
                -118.215338,
                33.941261
              ],
              [
                -118.215543,
                33.941282
              ],
              [
                -118.215483,
                33.941725
              ],
              [
                -118.215741,
                33.941894
              ],
              [
                -118.215681,
                33.942268
              ],
              [
                -118.21596,
                33.942299
              ],
              [
                -118.2159,
                33.942822
              ],
              [
                -118.216341,
                33.942873
              ],
              [
                -118.21619,
                33.943828
              ],
              [
                -118.216773,
                33.944986
              ],
              [
                -118.216696,
                33.945474
              ],
              [
                -118.213099,
                33.945081
              ],
              [
                -118.213787,
                33.94017
              ],
              [
                -118.21052,
                33.939834
              ],
              [
                -118.210836,
                33.937058
              ],
              [
                -118.1818,
                33.934369
              ],
              [
                -118.182008,
                33.93304
              ],
              [
                -118.182937,
                33.930739
              ],
              [
                -118.180837,
                33.931053
              ],
              [
                -118.17418,
                33.930558
              ],
              [
                -118.17613,
                33.91802
              ],
              [
                -118.169267,
                33.914734
              ],
              [
                -118.169417,
                33.91395
              ],
              [
                -118.169841,
                33.913942
              ],
              [
                -118.170004,
                33.913702
              ],
              [
                -118.169827,
                33.913173
              ],
              [
                -118.172936,
                33.913138
              ],
              [
                -118.172964,
                33.912711
              ],
              [
                -118.173263,
                33.912704
              ],
              [
                -118.173259,
                33.911802
              ],
              [
                -118.170308,
                33.911807
              ],
              [
                -118.170309,
                33.912215
              ],
              [
                -118.168395,
                33.912146
              ],
              [
                -118.168393,
                33.913959
              ],
              [
                -118.168056,
                33.913962
              ],
              [
                -118.168026,
                33.914147
              ],
              [
                -118.159014,
                33.909914
              ],
              [
                -118.15786,
                33.913604
              ],
              [
                -118.158385,
                33.913858
              ],
              [
                -118.156262,
                33.916999
              ],
              [
                -118.149237,
                33.913705
              ],
              [
                -118.153524,
                33.907357
              ],
              [
                -118.142818,
                33.902343
              ],
              [
                -118.142949,
                33.908648
              ],
              [
                -118.142463,
                33.910462
              ],
              [
                -118.139693,
                33.909179
              ],
              [
                -118.138406,
                33.908948
              ],
              [
                -118.134553,
                33.909734
              ],
              [
                -118.109736,
                33.909784
              ],
              [
                -118.111116,
                33.914575
              ],
              [
                -118.111562,
                33.922203
              ],
              [
                -118.10694,
                33.931338
              ],
              [
                -118.105835,
                33.933013
              ],
              [
                -118.104748,
                33.931987
              ],
              [
                -118.090777,
                33.932024
              ],
              [
                -118.090609,
                33.931668
              ],
              [
                -118.089772,
                33.931671
              ],
              [
                -118.08826,
                33.92968
              ],
              [
                -118.084256,
                33.933479
              ],
              [
                -118.082463,
                33.93348
              ],
              [
                -118.082456,
                33.931738
              ],
              [
                -118.072605,
                33.931763
              ],
              [
                -118.072574,
                33.928061
              ],
              [
                -118.0683,
                33.92807
              ],
              [
                -118.06832,
                33.92989
              ],
              [
                -118.063962,
                33.9299
              ],
              [
                -118.063906,
                33.917148
              ],
              [
                -118.060646,
                33.917178
              ],
              [
                -118.059546,
                33.915401
              ],
              [
                -118.057889,
                33.913763
              ],
              [
                -118.051037,
                33.909755
              ],
              [
                -118.051017,
                33.906011
              ],
              [
                -118.05282,
                33.906001
              ],
              [
                -118.052808,
                33.903344
              ],
              [
                -118.053524,
                33.903338
              ],
              [
                -118.053516,
                33.902454
              ],
              [
                -118.044436,
                33.902508
              ],
              [
                -118.044404,
                33.898797
              ],
              [
                -118.042216,
                33.898811
              ],
              [
                -118.042206,
                33.895189
              ],
              [
                -118.04658,
                33.895152
              ],
              [
                -118.046571,
                33.893653
              ],
              [
                -118.057486,
                33.899549
              ],
              [
                -118.061487,
                33.902326
              ],
              [
                -118.06391,
                33.902329
              ],
              [
                -118.063966,
                33.895433
              ],
              [
                -118.063103,
                33.895434
              ],
              [
                -118.063098,
                33.895023
              ],
              [
                -118.05535,
                33.895046
              ],
              [
                -118.055363,
                33.88765
              ],
              [
                -118.038437,
                33.887783
              ],
              [
                -118.028892,
                33.882628
              ],
              [
                -118.029148,
                33.902516
              ],
              [
                -118.034226,
                33.90249
              ],
              [
                -118.034261,
                33.903986
              ],
              [
                -118.035748,
                33.903691
              ],
              [
                -118.036695,
                33.904285
              ],
              [
                -118.037872,
                33.904283
              ],
              [
                -118.037972,
                33.915226
              ],
              [
                -118.036494,
                33.915234
              ],
              [
                -118.03651,
                33.917048
              ],
              [
                -118.055211,
                33.916944
              ],
              [
                -118.055206,
                33.929979
              ],
              [
                -118.053085,
                33.930118
              ],
              [
                -118.051714,
                33.929508
              ],
              [
                -118.051717,
                33.931634
              ],
              [
                -118.048069,
                33.931615
              ],
              [
                -118.048062,
                33.926863
              ],
              [
                -118.0466,
                33.925731
              ],
              [
                -118.046594,
                33.927365
              ],
              [
                -118.047094,
                33.927364
              ],
              [
                -118.047083,
                33.928079
              ],
              [
                -118.046589,
                33.928084
              ],
              [
                -118.046589,
                33.93173
              ],
              [
                -118.047146,
                33.931731
              ],
              [
                -118.047146,
                33.93211
              ],
              [
                -118.047657,
                33.932109
              ],
              [
                -118.047659,
                33.932455
              ],
              [
                -118.048818,
                33.932451
              ],
              [
                -118.048839,
                33.935704
              ],
              [
                -118.046516,
                33.936258
              ],
              [
                -118.046499,
                33.938946
              ],
              [
                -118.045895,
                33.938951
              ],
              [
                -118.045892,
                33.939217
              ],
              [
                -118.046318,
                33.939511
              ],
              [
                -118.045926,
                33.939887
              ],
              [
                -118.044516,
                33.938911
              ],
              [
                -118.04229,
                33.940052
              ],
              [
                -118.045554,
                33.942321
              ],
              [
                -118.047544,
                33.94115
              ],
              [
                -118.052187,
                33.94412
              ],
              [
                -118.051335,
                33.944963
              ],
              [
                -118.050521,
                33.944402
              ],
              [
                -118.049463,
                33.945451
              ],
              [
                -118.049704,
                33.945618
              ],
              [
                -118.049444,
                33.945884
              ],
              [
                -118.048237,
                33.945048
              ],
              [
                -118.045684,
                33.947573
              ],
              [
                -118.047426,
                33.948769
              ],
              [
                -118.04828,
                33.947915
              ],
              [
                -118.048674,
                33.949519
              ],
              [
                -118.050917,
                33.94729
              ],
              [
                -118.053725,
                33.949269
              ],
              [
                -118.049628,
                33.953278
              ],
              [
                -118.045749,
                33.950616
              ],
              [
                -118.04301,
                33.953388
              ],
              [
                -118.045888,
                33.955384
              ],
              [
                -118.036032,
                33.953566
              ],
              [
                -118.003184,
                33.938164
              ],
              [
                -118.003017,
                33.935181
              ],
              [
                -118.0008,
                33.93518
              ],
              [
                -118.000803,
                33.929438
              ],
              [
                -117.990018,
                33.931919
              ],
              [
                -117.982527,
                33.92849
              ],
              [
                -117.980122,
                33.928062
              ],
              [
                -117.976528,
                33.928035
              ],
              [
                -117.976593,
                33.902793
              ],
              [
                -117.985417,
                33.902764
              ],
              [
                -117.98533,
                33.895512
              ],
              [
                -117.994111,
                33.895456
              ],
              [
                -117.994032,
                33.888206
              ],
              [
                -118.002848,
                33.888156
              ],
              [
                -118.002761,
                33.880898
              ],
              [
                -118.011461,
                33.880848
              ],
              [
                -118.01137,
                33.873424
              ],
              [
                -118.028777,
                33.873318
              ],
              [
                -118.028747,
                33.870102
              ],
              [
                -118.032825,
                33.870053
              ],
              [
                -118.032797,
                33.866031
              ],
              [
                -118.037622,
                33.866007
              ],
              [
                -118.037541,
                33.862369
              ],
              [
                -118.041885,
                33.862332
              ],
              [
                -118.041854,
                33.858729
              ],
              [
                -118.046202,
                33.858688
              ],
              [
                -118.046117,
                33.853601
              ],
              [
                -118.050411,
                33.853561
              ],
              [
                -118.050375,
                33.849872
              ],
              [
                -118.054723,
                33.849843
              ],
              [
                -118.054738,
                33.846256
              ],
              [
                -118.059041,
                33.846192
              ],
              [
                -118.059034,
                33.844782
              ],
              [
                -118.061035,
                33.833823
              ],
              [
                -118.063409,
                33.831567
              ],
              [
                -118.06329,
                33.824134
              ],
              [
                -118.06594,
                33.824012
              ],
              [
                -118.066643,
                33.82221
              ],
              [
                -118.068764,
                33.822194
              ],
              [
                -118.068722,
                33.824023
              ],
              [
                -118.071824,
                33.823979
              ],
              [
                -118.071875,
                33.823254
              ],
              [
                -118.072499,
                33.823503
              ],
              [
                -118.074668,
                33.823444
              ],
              [
                -118.074768,
                33.823042
              ],
              [
                -118.081714,
                33.825095
              ],
              [
                -118.081789,
                33.826426
              ],
              [
                -118.082715,
                33.82977
              ],
              [
                -118.082499,
                33.830369
              ],
              [
                -118.081917,
                33.830643
              ],
              [
                -118.081926,
                33.831253
              ],
              [
                -118.093363,
                33.831316
              ],
              [
                -118.093545,
                33.832037
              ],
              [
                -118.09749,
                33.832354
              ],
              [
                -118.124918,
                33.832437
              ],
              [
                -118.124915,
                33.846916
              ],
              [
                -118.142649,
                33.84675
              ],
              [
                -118.142739,
                33.832515
              ],
              [
                -118.149952,
                33.832502
              ],
              [
                -118.151075,
                33.829484
              ],
              [
                -118.151935,
                33.828969
              ],
              [
                -118.154108,
                33.828978
              ],
              [
                -118.154146,
                33.827534
              ],
              [
                -118.15595,
                33.827512
              ],
              [
                -118.156027,
                33.825121
              ],
              [
                -118.157908,
                33.825136
              ],
              [
                -118.160881,
                33.827588
              ],
              [
                -118.16405,
                33.827602
              ],
              [
                -118.16407,
                33.823057
              ],
              [
                -118.164636,
                33.820088
              ],
              [
                -118.167346,
                33.820053
              ],
              [
                -118.167353,
                33.827729
              ],
              [
                -118.164306,
                33.827765
              ],
              [
                -118.164319,
                33.84692
              ],
              [
                -118.167542,
                33.846853
              ],
              [
                -118.16774,
                33.85419
              ],
              [
                -118.166384,
                33.854239
              ],
              [
                -118.164329,
                33.853933
              ],
              [
                -118.16425,
                33.854345
              ],
              [
                -118.155496,
                33.854374
              ],
              [
                -118.155518,
                33.857473
              ],
              [
                -118.156954,
                33.857519
              ],
              [
                -118.156947,
                33.860075
              ],
              [
                -118.146595,
                33.860311
              ],
              [
                -118.146649,
                33.868928
              ],
              [
                -118.151332,
                33.869004
              ],
              [
                -118.151418,
                33.882106
              ],
              [
                -118.177241,
                33.881952
              ],
              [
                -118.177342,
                33.885428
              ],
              [
                -118.186665,
                33.885528
              ],
              [
                -118.187197,
                33.885436
              ],
              [
                -118.187926,
                33.881455
              ],
              [
                -118.208877,
                33.881301
              ],
              [
                -118.208872,
                33.880778
              ],
              [
                -118.208545,
                33.8807
              ],
              [
                -118.208501,
                33.874795
              ],
              [
                -118.208171,
                33.874774
              ],
              [
                -118.207968,
                33.874421
              ],
              [
                -118.207926,
                33.874912
              ],
              [
                -118.207179,
                33.874922
              ],
              [
                -118.207112,
                33.874318
              ],
              [
                -118.205526,
                33.874254
              ],
              [
                -118.205518,
                33.8705
              ],
              [
                -118.206174,
                33.870409
              ],
              [
                -118.203382,
                33.861096
              ],
              [
                -118.20121,
                33.860896
              ],
              [
                -118.201145,
                33.860639
              ],
              [
                -118.204224,
                33.855591
              ],
              [
                -118.205181,
                33.852804
              ],
              [
                -118.205744,
                33.849101
              ],
              [
                -118.20597,
                33.84871
              ],
              [
                -118.206656,
                33.848606
              ],
              [
                -118.206618,
                33.84672
              ],
              [
                -118.205918,
                33.846614
              ],
              [
                -118.207766,
                33.839128
              ],
              [
                -118.211294,
                33.839084
              ],
              [
                -118.212417,
                33.836067
              ],
              [
                -118.213389,
                33.834344
              ],
              [
                -118.215899,
                33.83429
              ],
              [
                -118.216796,
                33.831843
              ],
              [
                -118.216808,
                33.83004
              ],
              [
                -118.215714,
                33.825929
              ],
              [
                -118.222291,
                33.825603
              ],
              [
                -118.222343,
                33.824395
              ],
              [
                -118.224576,
                33.824381
              ],
              [
                -118.226611,
                33.829484
              ],
              [
                -118.228505,
                33.824373
              ],
              [
                -118.226826,
                33.818104
              ],
              [
                -118.225392,
                33.811005
              ],
              [
                -118.223995,
                33.807498
              ],
              [
                -118.226419,
                33.801361
              ],
              [
                -118.227324,
                33.799894
              ],
              [
                -118.229457,
                33.793672
              ],
              [
                -118.230041,
                33.792553
              ],
              [
                -118.237505,
                33.800507
              ],
              [
                -118.258606,
                33.799433
              ],
              [
                -118.256673,
                33.80477
              ],
              [
                -118.264629,
                33.804549
              ],
              [
                -118.264592,
                33.799133
              ],
              [
                -118.299103,
                33.797692
              ],
              [
                -118.299102,
                33.803402
              ],
              [
                -118.298483,
                33.813359
              ],
              [
                -118.2991,
                33.813586
              ]
            ],
            [
              [
                -118.260673,
                33.858267
              ],
              [
                -118.25356,
                33.858278
              ],
              [
                -118.2506,
                33.857757
              ],
              [
                -118.250612,
                33.858888
              ],
              [
                -118.248715,
                33.85892
              ],
              [
                -118.248784,
                33.865113
              ],
              [
                -118.250437,
                33.865118
              ],
              [
                -118.250443,
                33.867318
              ],
              [
                -118.265975,
                33.866876
              ],
              [
                -118.265948,
                33.860237
              ],
              [
                -118.260677,
                33.860222
              ],
              [
                -118.260673,
                33.858267
              ]
            ]
          ],
          [
            [
              [
                -118.238981,
                33.97716
              ],
              [
                -118.237691,
                33.977156
              ],
              [
                -118.237692,
                33.974722
              ],
              [
                -118.230237,
                33.974715
              ],
              [
                -118.217525,
                33.973394
              ],
              [
                -118.217653,
                33.972527
              ],
              [
                -118.21074,
                33.971807
              ],
              [
                -118.21189,
                33.964043
              ],
              [
                -118.224308,
                33.965342
              ],
              [
                -118.224554,
                33.966198
              ],
              [
                -118.225067,
                33.966251
              ],
              [
                -118.225063,
                33.965406
              ],
              [
                -118.225693,
                33.965438
              ],
              [
                -118.225646,
                33.963535
              ],
              [
                -118.223009,
                33.95909
              ],
              [
                -118.226666,
                33.959695
              ],
              [
                -118.229647,
                33.961198
              ],
              [
                -118.231371,
                33.960946
              ],
              [
                -118.228598,
                33.948372
              ],
              [
                -118.233927,
                33.948307
              ],
              [
                -118.233896,
                33.953268
              ],
              [
                -118.244201,
                33.953317
              ],
              [
                -118.244198,
                33.954262
              ],
              [
                -118.247461,
                33.954275
              ],
              [
                -118.24749,
                33.953417
              ],
              [
                -118.248946,
                33.953368
              ],
              [
                -118.249172,
                33.943177
              ],
              [
                -118.25364,
                33.943181
              ],
              [
                -118.253534,
                33.951189
              ],
              [
                -118.254105,
                33.951038
              ],
              [
                -118.255929,
                33.953095
              ],
              [
                -118.255908,
                33.960168
              ],
              [
                -118.25626,
                33.960178
              ],
              [
                -118.256304,
                33.987203
              ],
              [
                -118.256303,
                33.989487
              ],
              [
                -118.239006,
                33.989401
              ],
              [
                -118.238981,
                33.97716
              ]
            ]
          ]
        ]
      }
    }
  ]
}