{
  "type": "FeatureCollection",
  "features": [
    {
      "type": "Feature",
      "properties": {},
      "geometry": {
        "type": "MultiPolygon",
        "coordinates": [
          [
            [
              [
                -122.24538,
                37.882983
              ],
              [
                -122.245411,
                37.882991
              ],
              [
                -122.245688,
                37.883059
              ],
              [
                -122.245827,
                37.883093
              ],
              [
                -122.246016,
                37.88314
              ],
              [
                -122.246149,
                37.883172
              ],
              [
                -122.246242,
                37.882639
              ],
              [
                -122.246404,
                37.88129
              ],
              [
                -122.246453,
                37.880875
              ],
              [
                -122.246566,
                37.880874
              ],
              [
                -122.246814,
                37.883228
              ],
              [
                -122.247078,
                37.885457
              ],
              [
                -122.245038,
                37.883988
              ],
              [
                -122.246733,
                37.883869
              ],
              [
                -122.24667,
                37.8833
              ],
              [
                -122.24538,
                37.882985
              ],
              [
                -122.245346,
                37.882974
              ],
              [
                -122.24535,
                37.882975
              ],
              [
                -122.24538,
                37.882983
              ]
            ]
          ],
          [
            [
              [
                -122.243052,
                37.865775
              ],
              [
                -122.242974,
                37.864825
              ],
              [
                -122.244866,
                37.864707
              ],
              [
                -122.24498,
                37.865795
              ],
              [
                -122.243481,
                37.865763
              ],
              [
                -122.243052,
                37.865775
              ]
            ]
          ],
          [
            [
              [
                -122.228951,
                37.880323
              ],
              [
                -122.22347,
                37.877901
              ],
              [
                -122.22001,
                37.873176
              ],
              [
                -122.21777,
                37.872392
              ],
              [
                -122.216491,
                37.868997
              ],
              [
                -122.217878,
                37.868346
              ],
              [
                -122.220207,
                37.867186
              ],
              [
                -122.221443,
                37.865651
              ],
              [
                -122.219928,
                37.864889
              ],
              [
                -122.219799,
                37.864751
              ],
              [
                -122.219819,
                37.86477
              ],
              [
                -122.219826,
                37.864753
              ],
              [
                -122.219638,
                37.86456
              ],
              [
                -122.219538,
                37.864356
              ],
              [
                -122.21935,
                37.864114
              ],
              [
                -122.219089,
                37.863597
              ],
              [
                -122.219035,
                37.863517
              ],
              [
                -122.218906,
                37.863402
              ],
              [
                -122.218707,
                37.863306
              ],
              [
                -122.218651,
                37.863266
              ],
              [
                -122.218601,
                37.863171
              ],
              [
                -122.21862,
                37.863069
              ],
              [
                -122.218395,
                37.862887
              ],
              [
                -122.217863,
                37.862338
              ],
              [
                -122.21776,
                37.86227
              ],
              [
                -122.217529,
                37.862177
              ],
              [
                -122.217402,
                37.862074
              ],
              [
                -122.217327,
                37.861952
              ],
              [
                -122.217272,
                37.861685
              ],
              [
                -122.21718,
                37.8615
              ],
              [
                -122.217046,
                37.861348
              ],
              [
                -122.216627,
                37.861008
              ],
              [
                -122.216509,
                37.860889
              ],
              [
                -122.216375,
                37.860679
              ],
              [
                -122.216313,
                37.860464
              ],
              [
                -122.215993,
                37.860682
              ],
              [
                -122.210898,
                37.855234
              ],
              [
                -122.211302,
                37.854414
              ],
              [
                -122.209568,
                37.852351
              ],
              [
                -122.209172,
                37.852286
              ],
              [
                -122.208898,
                37.851962
              ],
              [
                -122.208797,
                37.851667
              ],
              [
                -122.208156,
                37.851784
              ],
              [
                -122.20789,
                37.851805
              ],
              [
                -122.207649,
                37.851768
              ],
              [
                -122.207268,
                37.851607
              ],
              [
                -122.207107,
                37.851578
              ],
              [
                -122.206391,
                37.851623
              ],
              [
                -122.205603,
                37.8517
              ],
              [
                -122.204939,
                37.851591
              ],
              [
                -122.205163,
                37.85155
              ],
              [
                -122.207049,
                37.851383
              ],
              [
                -122.207322,
                37.851417
              ],
              [
                -122.207782,
                37.8516
              ],
              [
                -122.207903,
                37.851613
              ],
              [
                -122.208058,
                37.851602
              ],
              [
                -122.208733,
                37.851478
              ],
              [
                -122.208629,
                37.851174
              ],
              [
                -122.20833,
                37.851341
              ],
              [
                -122.207903,
                37.851372
              ],
              [
                -122.207557,
                37.85121
              ],
              [
                -122.206953,
                37.85127
              ],
              [
                -122.206588,
                37.851054
              ],
              [
                -122.206571,
                37.850841
              ],
              [
                -122.206483,
                37.850653
              ],
              [
                -122.206314,
                37.850586
              ],
              [
                -122.206079,
                37.85062
              ],
              [
                -122.205791,
                37.850774
              ],
              [
                -122.205399,
                37.850751
              ],
              [
                -122.204883,
                37.850644
              ],
              [
                -122.204733,
                37.850641
              ],
              [
                -122.204412,
                37.850714
              ],
              [
                -122.204086,
                37.850879
              ],
              [
                -122.203867,
                37.850887
              ],
              [
                -122.203694,
                37.850774
              ],
              [
                -122.203393,
                37.850161
              ],
              [
                -122.203118,
                37.849818
              ],
              [
                -122.202741,
                37.849163
              ],
              [
                -122.202346,
                37.848968
              ],
              [
                -122.201805,
                37.848592
              ],
              [
                -122.201592,
                37.848259
              ],
              [
                -122.201579,
                37.848047
              ],
              [
                -122.201421,
                37.847903
              ],
              [
                -122.201341,
                37.847868
              ],
              [
                -122.201214,
                37.847671
              ],
              [
                -122.20042,
                37.847429
              ],
              [
                -122.199686,
                37.846987
              ],
              [
                -122.199604,
                37.846962
              ],
              [
                -122.199247,
                37.84678
              ],
              [
                -122.198605,
                37.846497
              ],
              [
                -122.19843,
                37.846447
              ],
              [
                -122.198161,
                37.846182
              ],
              [
                -122.196758,
                37.845031
              ],
              [
                -122.19645,
                37.844751
              ],
              [
                -122.196485,
                37.844385
              ],
              [
                -122.196544,
                37.844211
              ],
              [
                -122.196478,
                37.84406
              ],
              [
                -122.196295,
                37.843929
              ],
              [
                -122.196075,
                37.843824
              ],
              [
                -122.19614,
                37.843814
              ],
              [
                -122.196078,
                37.843782
              ],
              [
                -122.195609,
                37.843631
              ],
              [
                -122.19524,
                37.843368
              ],
              [
                -122.195045,
                37.843004
              ],
              [
                -122.195401,
                37.842634
              ],
              [
                -122.195828,
                37.842698
              ],
              [
                -122.196061,
                37.8427
              ],
              [
                -122.196092,
                37.842045
              ],
              [
                -122.195844,
                37.842047
              ],
              [
                -122.195628,
                37.841988
              ],
              [
                -122.195494,
                37.841912
              ],
              [
                -122.1953,
                37.84173
              ],
              [
                -122.195157,
                37.841647
              ],
              [
                -122.195037,
                37.841609
              ],
              [
                -122.194505,
                37.84151
              ],
              [
                -122.194007,
                37.841073
              ],
              [
                -122.193306,
                37.840872
              ],
              [
                -122.193302,
                37.840541
              ],
              [
                -122.193066,
                37.840487
              ],
              [
                -122.193299,
                37.840543
              ],
              [
                -122.1933,
                37.840693
              ],
              [
                -122.192665,
                37.840547
              ],
              [
                -122.19255,
                37.840655
              ],
              [
                -122.191966,
                37.840487
              ],
              [
                -122.191339,
                37.839913
              ],
              [
                -122.191332,
                37.839863
              ],
              [
                -122.191306,
                37.839883
              ],
              [
                -122.189161,
                37.837918
              ],
              [
                -122.18591,
                37.837439
              ],
              [
                -122.185352,
                37.837337
              ],
              [
                -122.185237,
                37.836957
              ],
              [
                -122.185036,
                37.83649
              ],
              [
                -122.184633,
                37.835707
              ],
              [
                -122.184754,
                37.835526
              ],
              [
                -122.184766,
                37.835473
              ],
              [
                -122.184519,
                37.835486
              ],
              [
                -122.184029,
                37.834535
              ],
              [
                -122.184122,
                37.83441
              ],
              [
                -122.184734,
                37.832907
              ],
              [
                -122.185563,
                37.83163
              ],
              [
                -122.185525,
                37.831429
              ],
              [
                -122.18555,
                37.831307
              ],
              [
                -122.185619,
                37.831234
              ],
              [
                -122.185826,
                37.831111
              ],
              [
                -122.186069,
                37.830898
              ],
              [
                -122.186467,
                37.830667
              ],
              [
                -122.186676,
                37.830463
              ],
              [
                -122.186531,
                37.830335
              ],
              [
                -122.186577,
                37.830209
              ],
              [
                -122.186591,
                37.830032
              ],
              [
                -122.186711,
                37.829834
              ],
              [
                -122.186831,
                37.828734
              ],
              [
                -122.186949,
                37.828035
              ],
              [
                -122.187015,
                37.827539
              ],
              [
                -122.186568,
                37.826821
              ],
              [
                -122.185736,
                37.825386
              ],
              [
                -122.186533,
                37.823647
              ],
              [
                -122.186774,
                37.823694
              ],
              [
                -122.186736,
                37.823623
              ],
              [
                -122.186716,
                37.823445
              ],
              [
                -122.18669,
                37.823418
              ],
              [
                -122.186643,
                37.823405
              ],
              [
                -122.186913,
                37.822817
              ],
              [
                -122.18673,
                37.822503
              ],
              [
                -122.186872,
                37.822083
              ],
              [
                -122.18653,
                37.821535
              ],
              [
                -122.185774,
                37.820428
              ],
              [
                -122.185605,
                37.82039
              ],
              [
                -122.185485,
                37.820755
              ],
              [
                -122.184523,
                37.820414
              ],
              [
                -122.184605,
                37.820166
              ],
              [
                -122.181587,
                37.81949
              ],
              [
                -122.176773,
                37.815513
              ],
              [
                -122.175573,
                37.812555
              ],
              [
                -122.175715,
                37.812133
              ],
              [
                -122.175755,
                37.811963
              ],
              [
                -122.17576,
                37.811784
              ],
              [
                -122.175749,
                37.811695
              ],
              [
                -122.175699,
                37.81152
              ],
              [
                -122.175619,
                37.811361
              ],
              [
                -122.175473,
                37.811129
              ],
              [
                -122.175384,
                37.811036
              ],
              [
                -122.175171,
                37.81086
              ],
              [
                -122.175013,
                37.810686
              ],
              [
                -122.174885,
                37.810496
              ],
              [
                -122.17479,
                37.810295
              ],
              [
                -122.175761,
                37.808097
              ],
              [
                -122.177481,
                37.807164
              ],
              [
                -122.17894,
                37.805606
              ],
              [
                -122.178626,
                37.805125
              ],
              [
                -122.178852,
                37.804914
              ],
              [
                -122.17814,
                37.804197
              ],
              [
                -122.177254,
                37.803339
              ],
              [
                -122.177025,
                37.803227
              ],
              [
                -122.17642,
                37.802724
              ],
              [
                -122.176256,
                37.802848
              ],
              [
                -122.168864,
                37.799216
              ],
              [
                -122.16885,
                37.799314
              ],
              [
                -122.168388,
                37.799099
              ],
              [
                -122.168386,
                37.800076
              ],
              [
                -122.16853,
                37.800075
              ],
              [
                -122.168603,
                37.800417
              ],
              [
                -122.168526,
                37.80068
              ],
              [
                -122.168412,
                37.800941
              ],
              [
                -122.16855,
                37.801083
              ],
              [
                -122.168776,
                37.801044
              ],
              [
                -122.168887,
                37.801163
              ],
              [
                -122.169165,
                37.801086
              ],
              [
                -122.169184,
                37.801101
              ],
              [
                -122.168804,
                37.801593
              ],
              [
                -122.16914,
                37.801922
              ],
              [
                -122.1692,
                37.802735
              ],
              [
                -122.169145,
                37.803143
              ],
              [
                -122.170526,
                37.803586
              ],
              [
                -122.17053,
                37.804846
              ],
              [
                -122.170181,
                37.804962
              ],
              [
                -122.170103,
                37.805023
              ],
              [
                -122.170103,
                37.804739
              ],
              [
                -122.170075,
                37.804746
              ],
              [
                -122.169921,
                37.804836
              ],
              [
                -122.16966,
                37.805053
              ],
              [
                -122.169507,
                37.805117
              ],
              [
                -122.169062,
                37.805229
              ],
              [
                -122.169061,
                37.805444
              ],
              [
                -122.168762,
                37.805478
              ],
              [
                -122.168563,
                37.805583
              ],
              [
                -122.168568,
                37.805377
              ],
              [
                -122.168402,
                37.805441
              ],
              [
                -122.168302,
                37.805498
              ],
              [
                -122.168307,
                37.805719
              ],
              [
                -122.167928,
                37.805921
              ],
              [
                -122.167222,
                37.805851
              ],
              [
                -122.166837,
                37.805777
              ],
              [
                -122.166516,
                37.805674
              ],
              [
                -122.166516,
                37.805615
              ],
              [
                -122.166255,
                37.80553
              ],
              [
                -122.166256,
                37.805592
              ],
              [
                -122.165106,
                37.805226
              ],
              [
                -122.165114,
                37.804709
              ],
              [
                -122.165504,
                37.804516
              ],
              [
                -122.16467,
                37.803447
              ],
              [
                -122.164468,
                37.803273
              ],
              [
                -122.164367,
                37.80288
              ],
              [
                -122.164238,
                37.802795
              ],
              [
                -122.163364,
                37.80232
              ],
              [
                -122.162196,
                37.801336
              ],
              [
                -122.162248,
                37.801053
              ],
              [
                -122.162717,
                37.800781
              ],
              [
                -122.162879,
                37.800152
              ],
              [
                -122.161734,
                37.800105
              ],
              [
                -122.161264,
                37.800112
              ],
              [
                -122.161263,
                37.800037
              ],
              [
                -122.16005,
                37.800053
              ],
              [
                -122.158825,
                37.798032
              ],
              [
                -122.159703,
                37.797518
              ],
              [
                -122.159083,
                37.797183
              ],
              [
                -122.158834,
                37.797142
              ],
              [
                -122.158755,
                37.797101
              ],
              [
                -122.158715,
                37.797122
              ],
              [
                -122.15811,
                37.797023
              ],
              [
                -122.158322,
                37.79642
              ],
              [
                -122.15667,
                37.796481
              ],
              [
                -122.154358,
                37.796478
              ],
              [
                -122.155277,
                37.795576
              ],
              [
                -122.153605,
                37.79465
              ],
              [
                -122.154105,
                37.79409
              ],
              [
                -122.15394,
                37.793936
              ],
              [
                -122.153238,
                37.794733
              ],
              [
                -122.15315,
                37.794686
              ],
              [
                -122.152906,
                37.794023
              ],
              [
                -122.153127,
                37.793424
              ],
              [
                -122.152289,
                37.793427
              ],
              [
                -122.152293,
                37.793084
              ],
              [
                -122.150828,
                37.793071
              ],
              [
                -122.150525,
                37.792523
              ],
              [
                -122.150325,
                37.792413
              ],
              [
                -122.15026,
                37.791894
              ],
              [
                -122.149798,
                37.791631
              ],
              [
                -122.148745,
                37.792803
              ],
              [
                -122.146954,
                37.791795
              ],
              [
                -122.146635,
                37.792056
              ],
              [
                -122.146383,
                37.791984
              ],
              [
                -122.145671,
                37.791435
              ],
              [
                -122.146022,
                37.790663
              ],
              [
                -122.145667,
                37.79015
              ],
              [
                -122.145272,
                37.790142
              ],
              [
                -122.144676,
                37.79067
              ],
              [
                -122.144329,
                37.790403
              ],
              [
                -122.144039,
                37.790512
              ],
              [
                -122.143651,
                37.790101
              ],
              [
                -122.143376,
                37.790283
              ],
              [
                -122.14256,
                37.789918
              ],
              [
                -122.144025,
                37.788257
              ],
              [
                -122.143525,
                37.78762
              ],
              [
                -122.143707,
                37.787394
              ],
              [
                -122.143175,
                37.787021
              ],
              [
                -122.143297,
                37.787057
              ],
              [
                -122.142242,
                37.785983
              ],
              [
                -122.139151,
                37.782039
              ],
              [
                -122.133932,
                37.777218
              ],
              [
                -122.132067,
                37.775591
              ],
              [
                -122.131941,
                37.775462
              ],
              [
                -122.130427,
                37.772444
              ],
              [
                -122.12968,
                37.77127
              ],
              [
                -122.129431,
                37.770918
              ],
              [
                -122.129141,
                37.770457
              ],
              [
                -122.129004,
                37.770207
              ],
              [
                -122.124826,
                37.76364
              ],
              [
                -122.124592,
                37.76322
              ],
              [
                -122.123861,
                37.762019
              ],
              [
                -122.123756,
                37.761879
              ],
              [
                -122.1236,
                37.761714
              ],
              [
                -122.122852,
                37.760536
              ],
              [
                -122.122798,
                37.760415
              ],
              [
                -122.122677,
                37.760261
              ],
              [
                -122.121638,
                37.758628
              ],
              [
                -122.121578,
                37.758412
              ],
              [
                -122.121471,
                37.758208
              ],
              [
                -122.121029,
                37.757671
              ],
              [
                -122.118749,
                37.754086
              ],
              [
                -122.116751,
                37.750813
              ],
              [
                -122.115002,
                37.742467
              ],
              [
                -122.115029,
                37.741939
              ],
              [
                -122.11538,
                37.741508
              ],
              [
                -122.115487,
                37.741584
              ],
              [
                -122.115768,
                37.741867
              ],
              [
                -122.115831,
                37.742084
              ],
              [
                -122.115973,
                37.742162
              ],
              [
                -122.116168,
                37.742091
              ],
              [
                -122.116264,
                37.741951
              ],
              [
                -122.116269,
                37.741553
              ],
              [
                -122.116311,
                37.741389
              ],
              [
                -122.116383,
                37.741333
              ],
              [
                -122.116563,
                37.741291
              ],
              [
                -122.116864,
                37.741282
              ],
              [
                -122.116947,
                37.741188
              ],
              [
                -122.116717,
                37.740412
              ],
              [
                -122.117351,
                37.739822
              ],
              [
                -122.117008,
                37.73963
              ],
              [
                -122.121034,
                37.735098
              ],
              [
                -122.12294,
                37.735797
              ],
              [
                -122.123589,
                37.73518
              ],
              [
                -122.12402,
                37.735732
              ],
              [
                -122.125473,
                37.734837
              ],
              [
                -122.12484,
                37.73427
              ],
              [
                -122.125035,
                37.733395
              ],
              [
                -122.126037,
                37.732652
              ],
              [
                -122.126304,
                37.731509
              ],
              [
                -122.126255,
                37.731197
              ],
              [
                -122.126774,
                37.731259
              ],
              [
                -122.127308,
                37.731625
              ],
              [
                -122.127779,
                37.730968
              ],
              [
                -122.126549,
                37.730257
              ],
              [
                -122.125651,
                37.730752
              ],
              [
                -122.124277,
                37.730343
              ],
              [
                -122.123974,
                37.730231
              ],
              [
                -122.123082,
                37.730082
              ],
              [
                -122.12323,
                37.730737
              ],
              [
                -122.123113,
                37.731161
              ],
              [
                -122.123019,
                37.731946
              ],
              [
                -122.123189,
                37.732358
              ],
              [
                -122.12293,
                37.732744
              ],
              [
                -122.123141,
                37.733172
              ],
              [
                -122.122168,
                37.73355
              ],
              [
                -122.12215,
                37.733474
              ],
              [
                -122.122039,
                37.733395
              ],
              [
                -122.12185,
                37.732222
              ],
              [
                -122.119797,
                37.7336
              ],
              [
                -122.119494,
                37.733392
              ],
              [
                -122.11918,
                37.733139
              ],
              [
                -122.12087,
                37.732735
              ],
              [
                -122.121199,
                37.73192
              ],
              [
                -122.122079,
                37.730925
              ],
              [
                -122.122101,
                37.729733
              ],
              [
                -122.122579,
                37.729125
              ],
              [
                -122.124122,
                37.72861
              ],
              [
                -122.125455,
                37.729717
              ],
              [
                -122.126683,
                37.730013
              ],
              [
                -122.128168,
                37.72993
              ],
              [
                -122.129781,
                37.730056
              ],
              [
                -122.130949,
                37.730193
              ],
              [
                -122.131495,
                37.73049
              ],
              [
                -122.132617,
                37.731791
              ],
              [
                -122.131404,
                37.732341
              ],
              [
                -122.130827,
                37.732826
              ],
              [
                -122.130684,
                37.733477
              ],
              [
                -122.130967,
                37.733769
              ],
              [
                -122.131517,
                37.733627
              ],
              [
                -122.132324,
                37.733741
              ],
              [
                -122.133159,
                37.734072
              ],
              [
                -122.134871,
                37.734373
              ],
              [
                -122.135184,
                37.734349
              ],
              [
                -122.135721,
                37.733722
              ],
              [
                -122.136012,
                37.733231
              ],
              [
                -122.136409,
                37.73274
              ],
              [
                -122.13671,
                37.732259
              ],
              [
                -122.137015,
                37.731901
              ],
              [
                -122.137917,
                37.731431
              ],
              [
                -122.138465,
                37.731037
              ],
              [
                -122.13883,
                37.731514
              ],
              [
                -122.138535,
                37.73168
              ],
              [
                -122.138938,
                37.732242
              ],
              [
                -122.139139,
                37.732879
              ],
              [
                -122.139158,
                37.733283
              ],
              [
                -122.139507,
                37.733793
              ],
              [
                -122.139638,
                37.734326
              ],
              [
                -122.140406,
                37.7342
              ],
              [
                -122.140586,
                37.735291
              ],
              [
                -122.140822,
                37.735866
              ],
              [
                -122.1414,
                37.736743
              ],
              [
                -122.142743,
                37.738666
              ],
              [
                -122.144054,
                37.740026
              ],
              [
                -122.14574,
                37.742289
              ],
              [
                -122.147394,
                37.741666
              ],
              [
                -122.147787,
                37.74121
              ],
              [
                -122.153434,
                37.73967
              ],
              [
                -122.161268,
                37.737483
              ],
              [
                -122.164526,
                37.735965
              ],
              [
                -122.16589,
                37.737856
              ],
              [
                -122.171879,
                37.735047
              ],
              [
                -122.170022,
                37.732271
              ],
              [
                -122.170847,
                37.731889
              ],
              [
                -122.17418,
                37.731288
              ],
              [
                -122.175355,
                37.731882
              ],
              [
                -122.171378,
                37.728453
              ],
              [
                -122.171074,
                37.728216
              ],
              [
                -122.170753,
                37.727924
              ],
              [
                -122.171801,
                37.728112
              ],
              [
                -122.172308,
                37.727807
              ],
              [
                -122.172478,
                37.727508
              ],
              [
                -122.172938,
                37.726977
              ],
              [
                -122.173289,
                37.726776
              ],
              [
                -122.17455,
                37.726758
              ],
              [
                -122.175303,
                37.726043
              ],
              [
                -122.175644,
                37.725427
              ],
              [
                -122.175937,
                37.725329
              ],
              [
                -122.178384,
                37.72542
              ],
              [
                -122.179484,
                37.725294
              ],
              [
                -122.179736,
                37.725503
              ],
              [
                -122.180285,
                37.725815
              ],
              [
                -122.18066,
                37.725826
              ],
              [
                -122.181071,
                37.72571
              ],
              [
                -122.181635,
                37.725456
              ],
              [
                -122.184152,
                37.725542
              ],
              [
                -122.184423,
                37.725597
              ],
              [
                -122.186133,
                37.726927
              ],
              [
                -122.186762,
                37.727653
              ],
              [
                -122.187188,
                37.727895
              ],
              [
                -122.187793,
                37.728048
              ],
              [
                -122.188463,
                37.728458
              ],
              [
                -122.190589,
                37.729057
              ],
              [
                -122.19131,
                37.728055
              ],
              [
                -122.191602,
                37.728203
              ],
              [
                -122.192219,
                37.727346
              ],
              [
                -122.19313,
                37.727762
              ],
              [
                -122.196189,
                37.725534
              ],
              [
                -122.196307,
                37.725535
              ],
              [
                -122.196887,
                37.726191
              ],
              [
                -122.198106,
                37.725858
              ],
              [
                -122.196757,
                37.723641
              ],
              [
                -122.196914,
                37.723322
              ],
              [
                -122.195373,
                37.722192
              ],
              [
                -122.191198,
                37.718736
              ],
              [
                -122.190552,
                37.71813
              ],
              [
                -122.194002,
                37.717194
              ],
              [
                -122.194304,
                37.7179
              ],
              [
                -122.195367,
                37.717589
              ],
              [
                -122.195203,
                37.716078
              ],
              [
                -122.197303,
                37.716073
              ],
              [
                -122.202144,
                37.712291
              ],
              [
                -122.202524,
                37.712202
              ],
              [
                -122.202449,
                37.712053
              ],
              [
                -122.203037,
                37.711593
              ],
              [
                -122.210528,
                37.710032
              ],
              [
                -122.204174,
                37.698134
              ],
              [
                -122.201983,
                37.689619
              ],
              [
                -122.196845,
                37.681005
              ],
              [
                -122.195684,
                37.681622
              ],
              [
                -122.182049,
                37.67152
              ],
              [
                -122.175282,
                37.670748
              ],
              [
                -122.175301,
                37.670748
              ],
              [
                -122.182024,
                37.664696
              ],
              [
                -122.21824,
                37.632072
              ],
              [
                -122.222153,
                37.635476
              ],
              [
                -122.28127,
                37.708099
              ],
              [
                -122.252667,
                37.70828
              ],
              [
                -122.249096,
                37.711766
              ],
              [
                -122.263653,
                37.720798
              ],
              [
                -122.253326,
                37.72881
              ],
              [
                -122.250628,
                37.730866
              ],
              [
                -122.244962,
                37.725452
              ],
              [
                -122.243909,
                37.724976
              ],
              [
                -122.23962,
                37.722017
              ],
              [
                -122.23299,
                37.717965
              ],
              [
                -122.224421,
                37.726904
              ],
              [
                -122.222595,
                37.726667
              ],
              [
                -122.222834,
                37.73699
              ],
              [
                -122.223279,
                37.741916
              ],
              [
                -122.223446,
                37.745599
              ],
              [
                -122.222813,
                37.745615
              ],
              [
                -122.222217,
                37.745569
              ],
              [
                -122.221633,
                37.745467
              ],
              [
                -122.221068,
                37.745309
              ],
              [
                -122.220758,
                37.745194
              ],
              [
                -122.220458,
                37.745063
              ],
              [
                -122.219965,
                37.744794
              ],
              [
                -122.219516,
                37.744479
              ],
              [
                -122.219119,
                37.744123
              ],
              [
                -122.21887,
                37.743847
              ],
              [
                -122.214944,
                37.739031
              ],
              [
                -122.214208,
                37.738152
              ],
              [
                -122.21407,
                37.738031
              ],
              [
                -122.213935,
                37.737871
              ],
              [
                -122.213816,
                37.737726
              ],
              [
                -122.213587,
                37.737391
              ],
              [
                -122.213169,
                37.736898
              ],
              [
                -122.212902,
                37.736493
              ],
              [
                -122.212546,
                37.735798
              ],
              [
                -122.21242,
                37.735515
              ],
              [
                -122.211981,
                37.734629
              ],
              [
                -122.211492,
                37.733546
              ],
              [
                -122.21132,
                37.733207
              ],
              [
                -122.211012,
                37.732416
              ],
              [
                -122.210705,
                37.731802
              ],
              [
                -122.210558,
                37.731587
              ],
              [
                -122.210325,
                37.731344
              ],
              [
                -122.210041,
                37.731136
              ],
              [
                -122.207747,
                37.729871
              ],
              [
                -122.207665,
                37.729856
              ],
              [
                -122.207594,
                37.729889
              ],
              [
                -122.206989,
                37.730587
              ],
              [
                -122.206877,
                37.730753
              ],
              [
                -122.206812,
                37.730879
              ],
              [
                -122.206702,
                37.731221
              ],
              [
                -122.206943,
                37.731312
              ],
              [
                -122.207217,
                37.731476
              ],
              [
                -122.207616,
                37.731763
              ],
              [
                -122.208012,
                37.732146
              ],
              [
                -122.208106,
                37.732269
              ],
              [
                -122.208417,
                37.732847
              ],
              [
                -122.208581,
                37.733205
              ],
              [
                -122.208879,
                37.733976
              ],
              [
                -122.203516,
                37.736901
              ],
              [
                -122.200303,
                37.733215
              ],
              [
                -122.199763,
                37.732636
              ],
              [
                -122.199642,
                37.73252
              ],
              [
                -122.199489,
                37.732415
              ],
              [
                -122.199275,
                37.732324
              ],
              [
                -122.19902,
                37.732243
              ],
              [
                -122.19877,
                37.732781
              ],
              [
                -122.198951,
                37.732855
              ],
              [
                -122.19913,
                37.732958
              ],
              [
                -122.199372,
                37.73317
              ],
              [
                -122.207677,
                37.742631
              ],
              [
                -122.205234,
                37.743975
              ],
              [
                -122.205673,
                37.744476
              ],
              [
                -122.207147,
                37.743666
              ],
              [
                -122.209702,
                37.746569
              ],
              [
                -122.209897,
                37.746576
              ],
              [
                -122.211097,
                37.747943
              ],
              [
                -122.211021,
                37.74812
              ],
              [
                -122.211828,
                37.749039
              ],
              [
                -122.211274,
                37.749581
              ],
              [
                -122.211512,
                37.749851
              ],
              [
                -122.211447,
                37.749887
              ],
              [
                -122.211344,
                37.749769
              ],
              [
                -122.210901,
                37.750008
              ],
              [
                -122.211014,
                37.750123
              ],
              [
                -122.210581,
                37.750367
              ],
              [
                -122.210633,
                37.750517
              ],
              [
                -122.209827,
                37.749571
              ],
              [
                -122.208018,
                37.750574
              ],
              [
                -122.209075,
                37.751772
              ],
              [
                -122.207691,
                37.752539
              ],
              [
                -122.207859,
                37.75273
              ],
              [
                -122.209239,
                37.751965
              ],
              [
                -122.209416,
                37.752059
              ],
              [
                -122.209543,
                37.752109
              ],
              [
                -122.209851,
                37.752185
              ],
              [
                -122.208277,
                37.753033
              ],
              [
                -122.208337,
                37.753064
              ],
              [
                -122.208414,
                37.753075
              ],
              [
                -122.20857,
                37.753051
              ],
              [
                -122.209705,
                37.752452
              ],
              [
                -122.209808,
                37.752414
              ],
              [
                -122.210013,
                37.752387
              ],
              [
                -122.210126,
                37.752399
              ],
              [
                -122.210258,
                37.75244
              ],
              [
                -122.21033,
                37.752477
              ],
              [
                -122.210444,
                37.752564
              ],
              [
                -122.210698,
                37.752863
              ],
              [
                -122.210862,
                37.752816
              ],
              [
                -122.211129,
                37.753146
              ],
              [
                -122.211258,
                37.753341
              ],
              [
                -122.211361,
                37.753286
              ],
              [
                -122.212386,
                37.754842
              ],
              [
                -122.212511,
                37.754885
              ],
              [
                -122.212831,
                37.754915
              ],
              [
                -122.213078,
                37.754956
              ],
              [
                -122.213421,
                37.754918
              ],
              [
                -122.213785,
                37.754845
              ],
              [
                -122.213832,
                37.754849
              ],
              [
                -122.213911,
                37.754881
              ],
              [
                -122.213956,
                37.754927
              ],
              [
                -122.214002,
                37.755014
              ],
              [
                -122.214026,
                37.755146
              ],
              [
                -122.214083,
                37.755231
              ],
              [
                -122.214164,
                37.755291
              ],
              [
                -122.214274,
                37.755331
              ],
              [
                -122.2144,
                37.755338
              ],
              [
                -122.214663,
                37.755288
              ],
              [
                -122.21487,
                37.755276
              ],
              [
                -122.215117,
                37.755309
              ],
              [
                -122.215258,
                37.755347
              ],
              [
                -122.215318,
                37.755406
              ],
              [
                -122.215376,
                37.755519
              ],
              [
                -122.215439,
                37.755846
              ],
              [
                -122.215481,
                37.755931
              ],
              [
                -122.215632,
                37.756036
              ],
              [
                -122.215879,
                37.756176
              ],
              [
                -122.215907,
                37.756281
              ],
              [
                -122.215895,
                37.756369
              ],
              [
                -122.215911,
                37.75645
              ],
              [
                -122.215949,
                37.756552
              ],
              [
                -122.216078,
                37.756759
              ],
              [
                -122.215746,
                37.756952
              ],
              [
                -122.215677,
                37.757037
              ],
              [
                -122.215648,
                37.757135
              ],
              [
                -122.215649,
                37.757275
              ],
              [
                -122.214767,
                37.757762
              ],
              [
                -122.215757,
                37.75889
              ],
              [
                -122.215847,
                37.759017
              ],
              [
                -122.215912,
                37.759151
              ],
              [
                -122.21596,
                37.759327
              ],
              [
                -122.215965,
                37.759543
              ],
              [
                -122.215752,
                37.760528
              ],
              [
                -122.215658,
                37.760544
              ],
              [
                -122.215579,
                37.760655
              ],
              [
                -122.214916,
                37.761035
              ],
              [
                -122.214413,
                37.760455
              ],
              [
                -122.214339,
                37.760497
              ],
              [
                -122.21561,
                37.761949
              ],
              [
                -122.215525,
                37.761743
              ],
              [
                -122.215493,
                37.761542
              ],
              [
                -122.215497,
                37.761386
              ],
              [
                -122.215542,
                37.76116
              ],
              [
                -122.215716,
                37.761069
              ],
              [
                -122.215781,
                37.761105
              ],
              [
                -122.215828,
                37.761062
              ],
              [
                -122.217051,
                37.76037
              ],
              [
                -122.217134,
                37.76038
              ],
              [
                -122.217696,
                37.760875
              ],
              [
                -122.217835,
                37.76077
              ],
              [
                -122.217893,
                37.760812
              ],
              [
                -122.218021,
                37.760722
              ],
              [
                -122.217896,
                37.760623
              ],
              [
                -122.218052,
                37.760532
              ],
              [
                -122.218151,
                37.760454
              ],
              [
                -122.218344,
                37.76025
              ],
              [
                -122.219014,
                37.760683
              ],
              [
                -122.220321,
                37.759763
              ],
              [
                -122.220678,
                37.759388
              ],
              [
                -122.222405,
                37.760826
              ],
              [
                -122.222151,
                37.761016
              ],
              [
                -122.222885,
                37.761639
              ],
              [
                -122.220916,
                37.76313
              ],
              [
                -122.221032,
                37.763226
              ],
              [
                -122.221205,
                37.763096
              ],
              [
                -122.221231,
                37.763027
              ],
              [
                -122.222846,
                37.761807
              ],
              [
                -122.223151,
                37.763062
              ],
              [
                -122.223547,
                37.76276
              ],
              [
                -122.223728,
                37.763434
              ],
              [
                -122.224003,
                37.764184
              ],
              [
                -122.224368,
                37.764909
              ],
              [
                -122.224682,
                37.765425
              ],
              [
                -122.224901,
                37.765745
              ],
              [
                -122.225102,
                37.766013
              ],
              [
                -122.225417,
                37.766392
              ],
              [
                -122.225774,
                37.766783
              ],
              [
                -122.22602,
                37.767027
              ],
              [
                -122.226543,
                37.767494
              ],
              [
                -122.227105,
                37.767931
              ],
              [
                -122.227399,
                37.768138
              ],
              [
                -122.228015,
                37.768527
              ],
              [
                -122.228662,
                37.768882
              ],
              [
                -122.228997,
                37.769046
              ],
              [
                -122.238617,
                37.773237
              ],
              [
                -122.238912,
                37.77338
              ],
              [
                -122.239189,
                37.773546
              ],
              [
                -122.239443,
                37.773732
              ],
              [
                -122.239674,
                37.773936
              ],
              [
                -122.239924,
                37.774219
              ],
              [
                -122.240352,
                37.774608
              ],
              [
                -122.240678,
                37.775177
              ],
              [
                -122.24109,
                37.775607
              ],
              [
                -122.241132,
                37.775606
              ],
              [
                -122.241285,
                37.775427
              ],
              [
                -122.241477,
                37.775058
              ],
              [
                -122.241692,
                37.774792
              ],
              [
                -122.240107,
                37.773474
              ],
              [
                -122.240786,
                37.773915
              ],
              [
                -122.242888,
                37.775339
              ],
              [
                -122.243915,
                37.776262
              ],
              [
                -122.244641,
                37.776955
              ],
              [
                -122.245027,
                37.778263
              ],
              [
                -122.245422,
                37.779994
              ],
              [
                -122.246064,
                37.78219
              ],
              [
                -122.246741,
                37.783307
              ],
              [
                -122.24789,
                37.784369
              ],
              [
                -122.248734,
                37.785061
              ],
              [
                -122.249872,
                37.785701
              ],
              [
                -122.250648,
                37.786018
              ],
              [
                -122.251899,
                37.786374
              ],
              [
                -122.253261,
                37.786448
              ],
              [
                -122.254206,
                37.786387
              ],
              [
                -122.255204,
                37.786091
              ],
              [
                -122.255964,
                37.785704
              ],
              [
                -122.257665,
                37.785116
              ],
              [
                -122.258959,
                37.784815
              ],
              [
                -122.260139,
                37.784751
              ],
              [
                -122.261859,
                37.784959
              ],
              [
                -122.265383,
                37.786455
              ],
              [
                -122.269086,
                37.787949
              ],
              [
                -122.271961,
                37.789501
              ],
              [
                -122.274428,
                37.791248
              ],
              [
                -122.277839,
                37.792932
              ],
              [
                -122.280219,
                37.793507
              ],
              [
                -122.282293,
                37.793663
              ],
              [
                -122.286731,
                37.793783
              ],
              [
                -122.289623,
                37.793552
              ],
              [
                -122.291978,
                37.793094
              ],
              [
                -122.294269,
                37.792449
              ],
              [
                -122.296329,
                37.792042
              ],
              [
                -122.303664,
                37.792118
              ],
              [
                -122.304793,
                37.792335
              ],
              [
                -122.309608,
                37.793341
              ],
              [
                -122.330608,
                37.798367
              ],
              [
                -122.367448,
                37.80561
              ],
              [
                -122.278226,
                37.830267
              ],
              [
                -122.277867,
                37.831268
              ],
              [
                -122.275864,
                37.83668
              ],
              [
                -122.276022,
                37.836917
              ],
              [
                -122.276798,
                37.836795
              ],
              [
                -122.277602,
                37.83712
              ],
              [
                -122.2786,
                37.836966
              ],
              [
                -122.279344,
                37.837239
              ],
              [
                -122.281994,
                37.836663
              ],
              [
                -122.282139,
                37.837245
              ],
              [
                -122.284809,
                37.836801
              ],
              [
                -122.287559,
                37.845411
              ],
              [
                -122.28899,
                37.850099
              ],
              [
                -122.286695,
                37.850549
              ],
              [
                -122.286605,
                37.850324
              ],
              [
                -122.283715,
                37.850868
              ],
              [
                -122.283189,
                37.849142
              ],
              [
                -122.282704,
                37.849223
              ],
              [
                -122.282523,
                37.848685
              ],
              [
                -122.282426,
                37.84827
              ],
              [
                -122.282235,
                37.847302
              ],
              [
                -122.282164,
                37.847132
              ],
              [
                -122.27648,
                37.84787
              ],
              [
                -122.276116,
                37.845912
              ],
              [
                -122.26941,
                37.846799
              ],
              [
                -122.269767,
                37.848685
              ],
              [
                -122.268836,
                37.84886
              ],
              [
                -122.269544,
                37.851751
              ],
              [
                -122.253406,
                37.853502
              ],
              [
                -122.253455,
                37.853243
              ],
              [
                -122.253385,
                37.852308
              ],
              [
                -122.2532,
                37.851402
              ],
              [
                -122.253603,
                37.850764
              ],
              [
                -122.253063,
                37.850876
              ],
              [
                -122.250902,
                37.851611
              ],
              [
                -122.25033,
                37.851626
              ],
              [
                -122.234553,
                37.852368
              ],
              [
                -122.235102,
                37.857541
              ],
              [
                -122.244122,
                37.857292
              ],
              [
                -122.244139,
                37.857482
              ],
              [
                -122.244131,
                37.857672
              ],
              [
                -122.244144,
                37.857843
              ],
              [
                -122.244667,
                37.862817
              ],
              [
                -122.24441,
                37.862713
              ],
              [
                -122.244406,
                37.862668
              ],
              [
                -122.244063,
                37.862688
              ],
              [
                -122.243992,
                37.862723
              ],
              [
                -122.243913,
                37.862737
              ],
              [
                -122.243827,
                37.862731
              ],
              [
                -122.243753,
                37.862706
              ],
              [
                -122.236591,
                37.863117
              ],
              [
                -122.235316,
                37.863453
              ],
              [
                -122.235375,
                37.864001
              ],
              [
                -122.233733,
                37.86438
              ],
              [
                -122.233518,
                37.864501
              ],
              [
                -122.233867,
                37.864768
              ],
              [
                -122.233735,
                37.864821
              ],
              [
                -122.233617,
                37.864912
              ],
              [
                -122.233561,
                37.864984
              ],
              [
                -122.233453,
                37.865197
              ],
              [
                -122.233416,
                37.865241
              ],
              [
                -122.233192,
                37.865337
              ],
              [
                -122.233071,
                37.86544
              ],
              [
                -122.232369,
                37.864934
              ],
              [
                -122.231832,
                37.865153
              ],
              [
                -122.231656,
                37.865266
              ],
              [
                -122.231138,
                37.866076
              ],
              [
                -122.231079,
                37.866296
              ],
              [
                -122.230925,
                37.866599
              ],
              [
                -122.230439,
                37.867176
              ],
              [
                -122.229951,
                37.868142
              ],
              [
                -122.229311,
                37.86864
              ],
              [
                -122.229038,
                37.868869
              ],
              [
                -122.228796,
                37.869127
              ],
              [
                -122.228535,
                37.869275
              ],
              [
                -122.230891,
                37.870531
              ],
              [
                -122.232555,
                37.869401
              ],
              [
                -122.233226,
                37.869394
              ],
              [
                -122.233696,
                37.869425
              ],
              [
                -122.234511,
                37.86938
              ],
              [
                -122.23581,
                37.868609
              ],
              [
                -122.236249,
                37.867531
              ],
              [
                -122.237153,
                37.867717
              ],
              [
                -122.238543,
                37.867803
              ],
              [
                -122.238929,
                37.867264
              ],
              [
                -122.238982,
                37.867236
              ],
              [
                -122.239044,
                37.867245
              ],
              [
                -122.239482,
                37.866723
              ],
              [
                -122.239952,
                37.866619
              ],
              [
                -122.239943,
                37.866558
              ],
              [
                -122.24152,
                37.866468
              ],
              [
                -122.241538,
                37.866666
              ],
              [
                -122.241762,
                37.866563
              ],
              [
                -122.241946,
                37.866504
              ],
              [
                -122.242159,
                37.86647
              ],
              [
                -122.242487,
                37.866456
              ],
              [
                -122.242648,
                37.866404
              ],
              [
                -122.24503,
                37.866268
              ],
              [
                -122.245412,
                37.869897
              ],
              [
                -122.244711,
                37.869902
              ],
              [
                -122.244273,
                37.869905
              ],
              [
                -122.243533,
                37.870015
              ],
              [
                -122.242323,
                37.870335
              ],
              [
                -122.241992,
                37.870363
              ],
              [
                -122.241723,
                37.870385
              ],
              [
                -122.239563,
                37.870065
              ],
              [
                -122.239183,
                37.869905
              ],
              [
                -122.238433,
                37.869285
              ],
              [
                -122.237413,
                37.869205
              ],
              [
                -122.236773,
                37.869985
              ],
              [
                -122.236483,
                37.870195
              ],
              [
                -122.233813,
                37.870675
              ],
              [
                -122.233393,
                37.870915
              ],
              [
                -122.233013,
                37.871035
              ],
              [
                -122.229983,
                37.871495
              ],
              [
                -122.229596,
                37.871633
              ],
              [
                -122.229003,
                37.871845
              ],
              [
                -122.225963,
                37.871955
              ],
              [
                -122.223823,
                37.874805
              ],
              [
                -122.225373,
                37.876475
              ],
              [
                -122.226783,
                37.876965
              ],
              [
                -122.230463,
                37.880335
              ],
              [
                -122.231803,
                37.880945
              ],
              [
                -122.231903,
                37.881485
              ],
              [
                -122.232073,
                37.881495
              ],
              [
                -122.232152,
                37.881478
              ],
              [
                -122.232303,
                37.881445
              ],
              [
                -122.232458,
                37.881387
              ],
              [
                -122.232753,
                37.881275
              ],
              [
                -122.232827,
                37.881259
              ],
              [
                -122.232893,
                37.881245
              ],
              [
                -122.233033,
                37.881255
              ],
              [
                -122.233062,
                37.881265
              ],
              [
                -122.233233,
                37.881325
              ],
              [
                -122.233503,
                37.881405
              ],
              [
                -122.233893,
                37.881455
              ],
              [
                -122.234123,
                37.881435
              ],
              [
                -122.234403,
                37.881515
              ],
              [
                -122.234573,
                37.881635
              ],
              [
                -122.234715,
                37.881789
              ],
              [
                -122.234803,
                37.881915
              ],
              [
                -122.234953,
                37.882065
              ],
              [
                -122.235113,
                37.882125
              ],
              [
                -122.235283,
                37.882105
              ],
              [
                -122.235593,
                37.882025
              ],
              [
                -122.235773,
                37.882025
              ],
              [
                -122.235903,
                37.882055
              ],
              [
                -122.236013,
                37.882135
              ],
              [
                -122.236063,
                37.882215
              ],
              [
                -122.236103,
                37.882325
              ],
              [
                -122.236083,
                37.882465
              ],
              [
                -122.236076,
                37.882635
              ],
              [
                -122.236063,
                37.882925
              ],
              [
                -122.236066,
                37.882942
              ],
              [
                -122.231923,
                37.881636
              ],
              [
                -122.23037,
                37.88095
              ],
              [
                -122.229907,
                37.880619
              ],
              [
                -122.229469,
                37.880454
              ],
              [
                -122.228951,
                37.880323
              ]
            ],
            [
              [
                -122.24922,
                37.786875
              ],
              [
                -122.248022,
                37.786409
              ],
              [
                -122.24776,
                37.78683
              ],
              [
                -122.248643,
                37.787169
              ],
              [
                -122.248966,
                37.787285
              ],
              [
                -122.24922,
                37.786875
              ]
            ],
            [
              [
                -122.248066,
                37.820951
              ],
              [
                -122.247607,
                37.820629
              ],
              [
                -122.24578,
                37.819585
              ],
              [
                -122.24519,
                37.819328
              ],
              [
                -122.244619,
                37.819116
              ],
              [
                -122.24415,
                37.818903
              ],
              [
                -122.243661,
                37.818846
              ],
              [
                -122.243313,
                37.818732
              ],
              [
                -122.241191,
                37.818209
              ],
              [
                -122.24053,
                37.818028
              ],
              [
                -122.239987,
                37.81791
              ],
              [
                -122.239281,
                37.817834
              ],
              [
                -122.23893,
                37.817727
              ],
              [
                -122.235699,
                37.81695
              ],
              [
                -122.234939,
                37.816782
              ],
              [
                -122.232192,
                37.816099
              ],
              [
                -122.231657,
                37.815949
              ],
              [
                -122.231166,
                37.815861
              ],
              [
                -122.229095,
                37.815396
              ],
              [
                -122.228538,
                37.815289
              ],
              [
                -122.223966,
                37.814255
              ],
              [
                -122.221203,
                37.813564
              ],
              [
                -122.220415,
                37.813338
              ],
              [
                -122.217701,
                37.812901
              ],
              [
                -122.215484,
                37.812333
              ],
              [
                -122.215105,
                37.812268
              ],
              [
                -122.215008,
                37.812423
              ],
              [
                -122.214844,
                37.812597
              ],
              [
                -122.214286,
                37.812992
              ],
              [
                -122.214116,
                37.813127
              ],
              [
                -122.213874,
                37.813446
              ],
              [
                -122.213631,
                37.813945
              ],
              [
                -122.213426,
                37.814242
              ],
              [
                -122.213202,
                37.814498
              ],
              [
                -122.213076,
                37.814677
              ],
              [
                -122.212984,
                37.814868
              ],
              [
                -122.212928,
                37.815057
              ],
              [
                -122.212847,
                37.81576
              ],
              [
                -122.212755,
                37.816142
              ],
              [
                -122.212682,
                37.816332
              ],
              [
                -122.212519,
                37.816649
              ],
              [
                -122.21229,
                37.816983
              ],
              [
                -122.212125,
                37.817173
              ],
              [
                -122.21194,
                37.817357
              ],
              [
                -122.211597,
                37.817641
              ],
              [
                -122.209711,
                37.818948
              ],
              [
                -122.210553,
                37.819537
              ],
              [
                -122.210879,
                37.819541
              ],
              [
                -122.210956,
                37.819497
              ],
              [
                -122.211063,
                37.819484
              ],
              [
                -122.21121,
                37.819408
              ],
              [
                -122.211282,
                37.819445
              ],
              [
                -122.21149,
                37.819441
              ],
              [
                -122.212236,
                37.819893
              ],
              [
                -122.212581,
                37.819766
              ],
              [
                -122.212657,
                37.819761
              ],
              [
                -122.212713,
                37.819777
              ],
              [
                -122.212787,
                37.819846
              ],
              [
                -122.212829,
                37.820077
              ],
              [
                -122.21285,
                37.820114
              ],
              [
                -122.212889,
                37.82014
              ],
              [
                -122.213073,
                37.820171
              ],
              [
                -122.213284,
                37.820236
              ],
              [
                -122.213402,
                37.820237
              ],
              [
                -122.213542,
                37.820207
              ],
              [
                -122.213623,
                37.820205
              ],
              [
                -122.213701,
                37.820219
              ],
              [
                -122.213785,
                37.820256
              ],
              [
                -122.213905,
                37.820345
              ],
              [
                -122.213994,
                37.820461
              ],
              [
                -122.214008,
                37.820518
              ],
              [
                -122.21398,
                37.82068
              ],
              [
                -122.213995,
                37.820742
              ],
              [
                -122.214031,
                37.820801
              ],
              [
                -122.21413,
                37.820876
              ],
              [
                -122.214308,
                37.820936
              ],
              [
                -122.214381,
                37.821008
              ],
              [
                -122.214407,
                37.821079
              ],
              [
                -122.214397,
                37.821208
              ],
              [
                -122.214889,
                37.821181
              ],
              [
                -122.215159,
                37.821327
              ],
              [
                -122.215609,
                37.821658
              ],
              [
                -122.215767,
                37.821606
              ],
              [
                -122.216163,
                37.822408
              ],
              [
                -122.216248,
                37.822467
              ],
              [
                -122.216396,
                37.822507
              ],
              [
                -122.216549,
                37.822625
              ],
              [
                -122.216921,
                37.822821
              ],
              [
                -122.216991,
                37.822872
              ],
              [
                -122.217048,
                37.822933
              ],
              [
                -122.217088,
                37.823003
              ],
              [
                -122.217133,
                37.823211
              ],
              [
                -122.217725,
                37.823222
              ],
              [
                -122.219632,
                37.824535
              ],
              [
                -122.220088,
                37.825023
              ],
              [
                -122.220393,
                37.82516
              ],
              [
                -122.220939,
                37.825731
              ],
              [
                -122.221196,
                37.825813
              ],
              [
                -122.222097,
                37.826901
              ],
              [
                -122.22215,
                37.827171
              ],
              [
                -122.222274,
                37.827269
              ],
              [
                -122.222351,
                37.82748
              ],
              [
                -122.222365,
                37.827562
              ],
              [
                -122.222325,
                37.827772
              ],
              [
                -122.222192,
                37.828082
              ],
              [
                -122.222196,
                37.82819
              ],
              [
                -122.222242,
                37.828291
              ],
              [
                -122.222287,
                37.828345
              ],
              [
                -122.222512,
                37.828522
              ],
              [
                -122.222612,
                37.82878
              ],
              [
                -122.222646,
                37.82883
              ],
              [
                -122.222732,
                37.828895
              ],
              [
                -122.223111,
                37.829035
              ],
              [
                -122.223246,
                37.829101
              ],
              [
                -122.223512,
                37.829284
              ],
              [
                -122.223643,
                37.829422
              ],
              [
                -122.223735,
                37.829423
              ],
              [
                -122.224091,
                37.829338
              ],
              [
                -122.224288,
                37.829222
              ],
              [
                -122.224532,
                37.829615
              ],
              [
                -122.22443,
                37.829657
              ],
              [
                -122.224632,
                37.829884
              ],
              [
                -122.224976,
                37.830083
              ],
              [
                -122.22512,
                37.83054
              ],
              [
                -122.225225,
                37.830507
              ],
              [
                -122.225745,
                37.831557
              ],
              [
                -122.225953,
                37.831732
              ],
              [
                -122.22609,
                37.831888
              ],
              [
                -122.226178,
                37.831964
              ],
              [
                -122.226296,
                37.832025
              ],
              [
                -122.226447,
                37.832062
              ],
              [
                -122.226824,
                37.832483
              ],
              [
                -122.227457,
                37.832909
              ],
              [
                -122.227981,
                37.833366
              ],
              [
                -122.229801,
                37.832875
              ],
              [
                -122.230932,
                37.832655
              ],
              [
                -122.23286,
                37.832104
              ],
              [
                -122.232855,
                37.831871
              ],
              [
                -122.233691,
                37.83154
              ],
              [
                -122.234093,
                37.831563
              ],
              [
                -122.234639,
                37.831669
              ],
              [
                -122.237112,
                37.830805
              ],
              [
                -122.237312,
                37.830769
              ],
              [
                -122.237518,
                37.83069
              ],
              [
                -122.237697,
                37.830642
              ],
              [
                -122.23788,
                37.830611
              ],
              [
                -122.238644,
                37.830545
              ],
              [
                -122.239238,
                37.830477
              ],
              [
                -122.24095,
                37.830445
              ],
              [
                -122.241139,
                37.83041
              ],
              [
                -122.242611,
                37.830025
              ],
              [
                -122.242773,
                37.829998
              ],
              [
                -122.242939,
                37.829998
              ],
              [
                -122.243294,
                37.830061
              ],
              [
                -122.243476,
                37.830065
              ],
              [
                -122.243535,
                37.829806
              ],
              [
                -122.243624,
                37.829733
              ],
              [
                -122.243787,
                37.829673
              ],
              [
                -122.243632,
                37.829553
              ],
              [
                -122.243737,
                37.829479
              ],
              [
                -122.243827,
                37.829383
              ],
              [
                -122.243885,
                37.829274
              ],
              [
                -122.24397,
                37.82898
              ],
              [
                -122.244043,
                37.828856
              ],
              [
                -122.244092,
                37.828801
              ],
              [
                -122.244211,
                37.828334
              ],
              [
                -122.244185,
                37.828328
              ],
              [
                -122.245411,
                37.827552
              ],
              [
                -122.245525,
                37.827467
              ],
              [
                -122.247396,
                37.826326
              ],
              [
                -122.247492,
                37.826286
              ],
              [
                -122.247575,
                37.826281
              ],
              [
                -122.247821,
                37.825762
              ],
              [
                -122.247874,
                37.825596
              ],
              [
                -122.247993,
                37.825061
              ],
              [
                -122.248039,
                37.824943
              ],
              [
                -122.248106,
                37.824832
              ],
              [
                -122.24819,
                37.824727
              ],
              [
                -122.248759,
                37.824188
              ],
              [
                -122.250201,
                37.822857
              ],
              [
                -122.248741,
                37.82183
              ],
              [
                -122.248651,
                37.82174
              ],
              [
                -122.248578,
                37.821641
              ],
              [
                -122.248356,
                37.821188
              ],
              [
                -122.248066,
                37.820951
              ]
            ],
            [
              [
                -122.233515,
                37.846645
              ],
              [
                -122.23317,
                37.846462
              ],
              [
                -122.232976,
                37.846692
              ],
              [
                -122.231421,
                37.845865
              ],
              [
                -122.23116,
                37.845596
              ],
              [
                -122.231437,
                37.845431
              ],
              [
                -122.231048,
                37.845038
              ],
              [
                -122.230235,
                37.844862
              ],
              [
                -122.229488,
                37.843951
              ],
              [
                -122.229028,
                37.844209
              ],
              [
                -122.227889,
                37.843334
              ],
              [
                -122.22769,
                37.842948
              ],
              [
                -122.227383,
                37.842949
              ],
              [
                -122.227736,
                37.843218
              ],
              [
                -122.227057,
                37.843255
              ],
              [
                -122.226738,
                37.84315
              ],
              [
                -122.22642,
                37.842974
              ],
              [
                -122.226316,
                37.842877
              ],
              [
                -122.226263,
                37.842883
              ],
              [
                -122.226083,
                37.842672
              ],
              [
                -122.226006,
                37.842714
              ],
              [
                -122.226005,
                37.842773
              ],
              [
                -122.226067,
                37.842905
              ],
              [
                -122.226335,
                37.843366
              ],
              [
                -122.226307,
                37.843377
              ],
              [
                -122.226782,
                37.84407
              ],
              [
                -122.2268,
                37.844061
              ],
              [
                -122.227312,
                37.844665
              ],
              [
                -122.227617,
                37.845151
              ],
              [
                -122.227717,
                37.845252
              ],
              [
                -122.227966,
                37.845457
              ],
              [
                -122.229496,
                37.847232
              ],
              [
                -122.229733,
                37.847553
              ],
              [
                -122.23023,
                37.848119
              ],
              [
                -122.23033,
                37.848204
              ],
              [
                -122.230489,
                37.848285
              ],
              [
                -122.230752,
                37.848596
              ],
              [
                -122.23137,
                37.848559
              ],
              [
                -122.233872,
                37.848107
              ],
              [
                -122.23423,
                37.848063
              ],
              [
                -122.234152,
                37.847764
              ],
              [
                -122.234097,
                37.847382
              ],
              [
                -122.233758,
                37.847108
              ],
              [
                -122.233321,
                37.846876
              ],
              [
                -122.233515,
                37.846645
              ]
            ],
            [
              [
                -122.229908,
                37.866041
              ],
              [
                -122.229251,
                37.865979
              ],
              [
                -122.229878,
                37.865197
              ],
              [
                -122.227782,
                37.863634
              ],
              [
                -122.227322,
                37.862806
              ],
              [
                -122.226112,
                37.862695
              ],
              [
                -122.225645,
                37.862582
              ],
              [
                -122.2253,
                37.862382
              ],
              [
                -122.225241,
                37.8626
              ],
              [
                -122.225132,
                37.862793
              ],
              [
                -122.224781,
                37.863028
              ],
              [
                -122.224477,
                37.862759
              ],
              [
                -122.224423,
                37.862798
              ],
              [
                -122.224056,
                37.862479
              ],
              [
                -122.223815,
                37.862304
              ],
              [
                -122.223721,
                37.862393
              ],
              [
                -122.223734,
                37.862553
              ],
              [
                -122.2237,
                37.862653
              ],
              [
                -122.223649,
                37.862713
              ],
              [
                -122.223476,
                37.862846
              ],
              [
                -122.223439,
                37.862911
              ],
              [
                -122.223437,
                37.862956
              ],
              [
                -122.223537,
                37.863369
              ],
              [
                -122.223557,
                37.863577
              ],
              [
                -122.223476,
                37.863801
              ],
              [
                -122.223294,
                37.863918
              ],
              [
                -122.223102,
                37.863972
              ],
              [
                -122.222191,
                37.864096
              ],
              [
                -122.222116,
                37.86412
              ],
              [
                -122.222053,
                37.864162
              ],
              [
                -122.22215,
                37.864277
              ],
              [
                -122.222185,
                37.864409
              ],
              [
                -122.222174,
                37.864714
              ],
              [
                -122.22214,
                37.864851
              ],
              [
                -122.222058,
                37.865056
              ],
              [
                -122.222065,
                37.86514
              ],
              [
                -122.222096,
                37.865184
              ],
              [
                -122.222205,
                37.865258
              ],
              [
                -122.222593,
                37.865375
              ],
              [
                -122.222694,
                37.865433
              ],
              [
                -122.222769,
                37.865503
              ],
              [
                -122.222825,
                37.865591
              ],
              [
                -122.222864,
                37.865714
              ],
              [
                -122.222926,
                37.866147
              ],
              [
                -122.223147,
                37.866138
              ],
              [
                -122.22419,
                37.864963
              ],
              [
                -122.22426,
                37.864931
              ],
              [
                -122.224338,
                37.864918
              ],
              [
                -122.22483,
                37.864939
              ],
              [
                -122.224908,
                37.864972
              ],
              [
                -122.22497,
                37.865027
              ],
              [
                -122.225044,
                37.865222
              ],
              [
                -122.224962,
                37.865392
              ],
              [
                -122.224959,
                37.865431
              ],
              [
                -122.225568,
                37.865431
              ],
              [
                -122.225665,
                37.865468
              ],
              [
                -122.225736,
                37.865543
              ],
              [
                -122.225759,
                37.865602
              ],
              [
                -122.225761,
                37.865667
              ],
              [
                -122.225608,
                37.866222
              ],
              [
                -122.225612,
                37.866263
              ],
              [
                -122.225637,
                37.866298
              ],
              [
                -122.225742,
                37.866345
              ],
              [
                -122.226248,
                37.866442
              ],
              [
                -122.22639,
                37.866661
              ],
              [
                -122.226678,
                37.866817
              ],
              [
                -122.2267,
                37.866866
              ],
              [
                -122.226697,
                37.867005
              ],
              [
                -122.226963,
                37.867269
              ],
              [
                -122.227546,
                37.867363
              ],
              [
                -122.22764,
                37.867565
              ],
              [
                -122.227311,
                37.86759
              ],
              [
                -122.227055,
                37.867536
              ],
              [
                -122.226228,
                37.867822
              ],
              [
                -122.225965,
                37.867878
              ],
              [
                -122.228044,
                37.86899
              ],
              [
                -122.228464,
                37.868855
              ],
              [
                -122.22869,
                37.868749
              ],
              [
                -122.228898,
                37.868622
              ],
              [
                -122.229085,
                37.868476
              ],
              [
                -122.229248,
                37.868314
              ],
              [
                -122.230953,
                37.865999
              ],
              [
                -122.230755,
                37.866102
              ],
              [
                -122.23058,
                37.866108
              ],
              [
                -122.230336,
                37.866094
              ],
              [
                -122.230098,
                37.866107
              ],
              [
                -122.229908,
                37.866041
              ]
            ],
            [
              [
                -122.219394,
                37.863646
              ],
              [
                -122.219269,
                37.863447
              ],
              [
                -122.219202,
                37.863378
              ],
              [
                -122.219109,
                37.863318
              ],
              [
                -122.218776,
                37.863166
              ],
              [
                -122.218676,
                37.863106
              ],
              [
                -122.218672,
                37.863175
              ],
              [
                -122.218711,
                37.863237
              ],
              [
                -122.218951,
                37.86336
              ],
              [
                -122.219107,
                37.863505
              ],
              [
                -122.219432,
                37.864121
              ],
              [
                -122.2196,
                37.864331
              ],
              [
                -122.219712,
                37.864553
              ],
              [
                -122.219882,
                37.864721
              ],
              [
                -122.220688,
                37.86508
              ],
              [
                -122.221006,
                37.864765
              ],
              [
                -122.220876,
                37.864747
              ],
              [
                -122.220764,
                37.864705
              ],
              [
                -122.220196,
                37.864347
              ],
              [
                -122.219493,
                37.863763
              ],
              [
                -122.219394,
                37.863646
              ]
            ],
            [
              [
                -122.206261,
                37.844005
              ],
              [
                -122.206341,
                37.844024
              ],
              [
                -122.206414,
                37.844068
              ],
              [
                -122.206466,
                37.844129
              ],
              [
                -122.20649,
                37.84422
              ],
              [
                -122.206466,
                37.844534
              ],
              [
                -122.206429,
                37.844592
              ],
              [
                -122.206367,
                37.84464
              ],
              [
                -122.206115,
                37.844729
              ],
              [
                -122.206025,
                37.844776
              ],
              [
                -122.205956,
                37.844834
              ],
              [
                -122.205903,
                37.844909
              ],
              [
                -122.205791,
                37.845171
              ],
              [
                -122.205761,
                37.845308
              ],
              [
                -122.205745,
                37.845484
              ],
              [
                -122.205718,
                37.845558
              ],
              [
                -122.205632,
                37.845659
              ],
              [
                -122.205455,
                37.845768
              ],
              [
                -122.2054,
                37.845861
              ],
              [
                -122.205379,
                37.845981
              ],
              [
                -122.205428,
                37.846223
              ],
              [
                -122.205411,
                37.846387
              ],
              [
                -122.20535,
                37.846523
              ],
              [
                -122.20505,
                37.846943
              ],
              [
                -122.204953,
                37.847126
              ],
              [
                -122.204883,
                37.847385
              ],
              [
                -122.204881,
                37.847659
              ],
              [
                -122.204869,
                37.847712
              ],
              [
                -122.204818,
                37.847779
              ],
              [
                -122.204687,
                37.847865
              ],
              [
                -122.204636,
                37.847948
              ],
              [
                -122.2046,
                37.848292
              ],
              [
                -122.204487,
                37.848643
              ],
              [
                -122.204485,
                37.848696
              ],
              [
                -122.204507,
                37.848743
              ],
              [
                -122.204549,
                37.848781
              ],
              [
                -122.204743,
                37.848852
              ],
              [
                -122.204815,
                37.848898
              ],
              [
                -122.20487,
                37.848979
              ],
              [
                -122.204868,
                37.849045
              ],
              [
                -122.204818,
                37.849093
              ],
              [
                -122.204743,
                37.849108
              ],
              [
                -122.20469,
                37.849095
              ],
              [
                -122.204615,
                37.849038
              ],
              [
                -122.204548,
                37.849016
              ],
              [
                -122.204218,
                37.849031
              ],
              [
                -122.20395,
                37.848995
              ],
              [
                -122.203837,
                37.848938
              ],
              [
                -122.203792,
                37.848876
              ],
              [
                -122.203775,
                37.848797
              ],
              [
                -122.203723,
                37.848785
              ],
              [
                -122.203653,
                37.848881
              ],
              [
                -122.203584,
                37.849024
              ],
              [
                -122.203391,
                37.849559
              ],
              [
                -122.203371,
                37.849687
              ],
              [
                -122.203386,
                37.84979
              ],
              [
                -122.203423,
                37.84988
              ],
              [
                -122.203597,
                37.850104
              ],
              [
                -122.203869,
                37.850675
              ],
              [
                -122.203937,
                37.850719
              ],
              [
                -122.204021,
                37.850716
              ],
              [
                -122.204325,
                37.850562
              ],
              [
                -122.204705,
                37.850476
              ],
              [
                -122.204911,
                37.850479
              ],
              [
                -122.205434,
                37.850588
              ],
              [
                -122.205735,
                37.850606
              ],
              [
                -122.205999,
                37.850464
              ],
              [
                -122.206345,
                37.850414
              ],
              [
                -122.206649,
                37.850535
              ],
              [
                -122.206776,
                37.850806
              ],
              [
                -122.206789,
                37.850967
              ],
              [
                -122.207011,
                37.851098
              ],
              [
                -122.207602,
                37.851039
              ],
              [
                -122.207951,
                37.851203
              ],
              [
                -122.208255,
                37.851181
              ],
              [
                -122.208433,
                37.851081
              ],
              [
                -122.208456,
                37.850442
              ],
              [
                -122.207714,
                37.847682
              ],
              [
                -122.206521,
                37.843402
              ],
              [
                -122.206301,
                37.843427
              ],
              [
                -122.206175,
                37.84401
              ],
              [
                -122.206261,
                37.844005
              ]
            ],
            [
              [
                -122.164759,
                37.786861
              ],
              [
                -122.164777,
                37.786928
              ],
              [
                -122.164777,
                37.787003
              ],
              [
                -122.164724,
                37.787139
              ],
              [
                -122.16458,
                37.78728
              ],
              [
                -122.164387,
                37.787395
              ],
              [
                -122.164197,
                37.787463
              ],
              [
                -122.164012,
                37.787495
              ],
              [
                -122.1634,
                37.787495
              ],
              [
                -122.163412,
                37.786872
              ],
              [
                -122.16324,
                37.786752
              ],
              [
                -122.161723,
                37.786131
              ],
              [
                -122.161072,
                37.785671
              ],
              [
                -122.160572,
                37.785185
              ],
              [
                -122.159748,
                37.784624
              ],
              [
                -122.158693,
                37.784076
              ],
              [
                -122.158078,
                37.784645
              ],
              [
                -122.15725,
                37.783488
              ],
              [
                -122.15674,
                37.783116
              ],
              [
                -122.155517,
                37.782775
              ],
              [
                -122.155595,
                37.781916
              ],
              [
                -122.154641,
                37.781455
              ],
              [
                -122.153963,
                37.780978
              ],
              [
                -122.153707,
                37.781137
              ],
              [
                -122.153493,
                37.78123
              ],
              [
                -122.152402,
                37.780801
              ],
              [
                -122.151591,
                37.780127
              ],
              [
                -122.153478,
                37.778748
              ],
              [
                -122.152125,
                37.778188
              ],
              [
                -122.150456,
                37.776838
              ],
              [
                -122.150977,
                37.776157
              ],
              [
                -122.147432,
                37.775715
              ],
              [
                -122.14681,
                37.775058
              ],
              [
                -122.14646,
                37.775082
              ],
              [
                -122.146143,
                37.775345
              ],
              [
                -122.14635,
                37.775415
              ],
              [
                -122.147244,
                37.775944
              ],
              [
                -122.147073,
                37.776292
              ],
              [
                -122.147462,
                37.776869
              ],
              [
                -122.147484,
                37.777725
              ],
              [
                -122.14688,
                37.776958
              ],
              [
                -122.145635,
                37.775943
              ],
              [
                -122.145533,
                37.776037
              ],
              [
                -122.145034,
                37.775664
              ],
              [
                -122.144345,
                37.774649
              ],
              [
                -122.143589,
                37.773863
              ],
              [
                -122.143863,
                37.773264
              ],
              [
                -122.143597,
                37.773209
              ],
              [
                -122.143345,
                37.773129
              ],
              [
                -122.140551,
                37.774478
              ],
              [
                -122.141963,
                37.776263
              ],
              [
                -122.143082,
                37.776972
              ],
              [
                -122.142976,
                37.777479
              ],
              [
                -122.142747,
                37.778048
              ],
              [
                -122.143403,
                37.778661
              ],
              [
                -122.143962,
                37.779338
              ],
              [
                -122.144462,
                37.780056
              ],
              [
                -122.144474,
                37.78128
              ],
              [
                -122.144149,
                37.781533
              ],
              [
                -122.145318,
                37.78255
              ],
              [
                -122.146392,
                37.781859
              ],
              [
                -122.147205,
                37.782655
              ],
              [
                -122.146273,
                37.783284
              ],
              [
                -122.147244,
                37.784147
              ],
              [
                -122.147425,
                37.784037
              ],
              [
                -122.147817,
                37.783901
              ],
              [
                -122.148021,
                37.783801
              ],
              [
                -122.150779,
                37.78651
              ],
              [
                -122.151363,
                37.786137
              ],
              [
                -122.152321,
                37.787156
              ],
              [
                -122.154495,
                37.785942
              ],
              [
                -122.154395,
                37.785811
              ],
              [
                -122.154712,
                37.785668
              ],
              [
                -122.15498,
                37.786021
              ],
              [
                -122.155253,
                37.786209
              ],
              [
                -122.155641,
                37.786939
              ],
              [
                -122.155692,
                37.787131
              ],
              [
                -122.156171,
                37.787365
              ],
              [
                -122.156844,
                37.78779
              ],
              [
                -122.157178,
                37.787958
              ],
              [
                -122.15757,
                37.788075
              ],
              [
                -122.158218,
                37.788868
              ],
              [
                -122.158681,
                37.789057
              ],
              [
                -122.1598,
                37.789237
              ],
              [
                -122.159739,
                37.789477
              ],
              [
                -122.161925,
                37.789135
              ],
              [
                -122.162209,
                37.788878
              ],
              [
                -122.162755,
                37.787537
              ],
              [
                -122.162933,
                37.787578
              ],
              [
                -122.163117,
                37.787599
              ],
              [
                -122.163917,
                37.787605
              ],
              [
                -122.164133,
                37.787588
              ],
              [
                -122.164342,
                37.78754
              ],
              [
                -122.164484,
                37.787485
              ],
              [
                -122.164615,
                37.787415
              ],
              [
                -122.164733,
                37.787331
              ],
              [
                -122.164829,
                37.787241
              ],
              [
                -122.164881,
                37.78717
              ],
              [
                -122.164914,
                37.787093
              ],
              [
                -122.164929,
                37.787012
              ],
              [
                -122.164923,
                37.78693
              ],
              [
                -122.165098,
                37.78686
              ],
              [
                -122.165339,
                37.786725
              ],
              [
                -122.165529,
                37.786667
              ],
              [
                -122.165704,
                37.786651
              ],
              [
                -122.165892,
                37.786668
              ],
              [
                -122.166641,
                37.78689
              ],
              [
                -122.166753,
                37.786805
              ],
              [
                -122.165911,
                37.786544
              ],
              [
                -122.165682,
                37.786521
              ],
              [
                -122.165438,
                37.786546
              ],
              [
                -122.165196,
                37.786626
              ],
              [
                -122.164759,
                37.786861
              ]
            ],
            [
              [
                -122.143829,
                37.744347
              ],
              [
                -122.143132,
                37.744755
              ],
              [
                -122.143843,
                37.745604
              ],
              [
                -122.145288,
                37.744821
              ],
              [
                -122.144525,
                37.74409
              ],
              [
                -122.144218,
                37.744263
              ],
              [
                -122.14426,
                37.744307
              ],
              [
                -122.143996,
                37.744445
              ],
              [
                -122.143829,
                37.744347
              ]
            ],
            [
              [
                -122.143716,
                37.74333
              ],
              [
                -122.144235,
                37.744058
              ],
              [
                -122.144336,
                37.743984
              ],
              [
                -122.144925,
                37.743407
              ],
              [
                -122.145247,
                37.743143
              ],
              [
                -122.145255,
                37.743092
              ],
              [
                -122.145183,
                37.743005
              ],
              [
                -122.144818,
                37.742502
              ],
              [
                -122.143423,
                37.743056
              ],
              [
                -122.143627,
                37.743234
              ],
              [
                -122.143716,
                37.74333
              ]
            ],
            [
              [
                -122.12945,
                37.732038
              ],
              [
                -122.130511,
                37.731654
              ],
              [
                -122.130298,
                37.731374
              ],
              [
                -122.1301,
                37.73111
              ],
              [
                -122.129913,
                37.730964
              ],
              [
                -122.129299,
                37.73182
              ],
              [
                -122.12945,
                37.732038
              ]
            ]
          ],
          [
            [
              [
                -122.226987,
                37.767067
              ],
              [
                -122.226577,
                37.766699
              ],
              [
                -122.226193,
                37.766312
              ],
              [
                -122.225839,
                37.765908
              ],
              [
                -122.225514,
                37.765489
              ],
              [
                -122.22522,
                37.765055
              ],
              [
                -122.224958,
                37.764609
              ],
              [
                -122.224729,
                37.764152
              ],
              [
                -122.224533,
                37.763685
              ],
              [
                -122.224304,
                37.76297
              ],
              [
                -122.224153,
                37.762241
              ],
              [
                -122.224082,
                37.761506
              ],
              [
                -122.224082,
                37.760999
              ],
              [
                -122.224012,
                37.760338
              ],
              [
                -122.223848,
                37.759378
              ],
              [
                -122.223749,
                37.758651
              ],
              [
                -122.22332,
                37.758096
              ],
              [
                -122.222484,
                37.758714
              ],
              [
                -122.223923,
                37.757649
              ],
              [
                -122.224448,
                37.760404
              ],
              [
                -122.224612,
                37.762326
              ],
              [
                -122.224999,
                37.763728
              ],
              [
                -122.225499,
                37.764894
              ],
              [
                -122.226051,
                37.765731
              ],
              [
                -122.227079,
                37.766795
              ],
              [
                -122.228224,
                37.76767
              ],
              [
                -122.229304,
                37.768358
              ],
              [
                -122.230501,
                37.768998
              ],
              [
                -122.234802,
                37.770858
              ],
              [
                -122.237249,
                37.771855
              ],
              [
                -122.238664,
                37.77263
              ],
              [
                -122.229402,
                37.768598
              ],
              [
                -122.228876,
                37.768337
              ],
              [
                -122.228125,
                37.767902
              ],
              [
                -122.227424,
                37.767416
              ],
              [
                -122.226987,
                37.767067
              ]
            ]
          ]
        ]
      }
    }
  ]
}